"lit_nr";"lit_kurzzitat";"lit_zitat"
1;"Zürn 1987";"H. Zürn, Hallstattzeitliche Grabfunde in Württemberg und Hohenzollern. Forsch. u. Ber. Vor- u. Frühgesch. Baden-Württemberg 25 (Stuttgart 1987)."
2;"Zürn 1970";"H. Zürn, Hallstattforschung in Nordwürttemberg (Stuttgart 1970)."
3;"Altheimer 1986/87";"E. Altheimer, Vor- und frühgeschichtliche Fundstellen der Stadt Külsheim. Ungedr. Manuskript in den Ortsakten des LDA Stuttgart (1986/87)"
4;"Altheimer 1987";"E. Altheimer, Vor- und frühgeschichtliche Fundstellen der Gemeinde Werbach. Ungedr. Manuskript in den Ortsakten des LDA Stuttgart (1987)"
5;"Beltz 1913";"R. Beltz, Die bronze- und hallstattzeitlichen Fibeln. Zeitschr. Ethn. 45, 1913, 659-900"
6;"Baitinger 1994";"H. Baitinger, Zur Datierung der hallstattzeitlichen Zinnenringe. Germania 72, 1994, 283-290."
7;"Biel 1977";"J. Biel, Ein hallstattzeitliches Gräberfeld bei Heidenheim-Schnaitheim. Denkmalpfl. Baden-Württemberg 6, 1977, 39-42."
8;"Biel 1981";"J. Biel, Ein Grabhügel im Wald ,,Kälbling,, bei Steinheim-Höpfigheim, Kreis Ludwigsburg. Fundber. Baden-Württemberg 6, 1981, 141-157."
9;"Biel 1985";"J. Biel, Der Keltenfürst von Hochdorf (Stuttgart 1985)."
10;"Biel 1987";"J. Biel, Vorgeschichtliche Höhensiedlungen in Südwürttemberg-Hohenzollern. Forsch. u. Ber. Vor- u. Frühgesch. Baden-Württemberg 24 (Stuttgart 1987)"
11;"Biel 1988";"J. Biel, Die Funde der Hallstattzeit. In: E. Keefer/W. Joachim. Eine Siedlung der Schwieberdinger Gruppe in Aldingen, gem. Remseck am Neckar, Kreis Ludwigsburg. Fundber. Baden-Württemberg 13, 1988, 95-101."
12;"Bittel 1981";"K. Bittel/W. Kimmig/S. Schiek (Hrsg.), Die Kelten in Baden-Württemberg (Stuttgart 1981)."
13;"Bund/Rückert 1991/92";"G. Bund/P. Rückert, Zur eisenzeitlichen Besiedlung zwischen Main und Tauber. Wertheimer Jahrb. 1991/92, 9-21."
14;"Dauber 1962";"A. Dauber, Zur Besiedlungsgeschichte im Stadtgebiet von Tauberbischofsheim (Die Funde beim Bau der Milchzentrale 1959/60). Bad. Fundber. 22, 1962, 183-201."
15;"Dehn 1972";"R. Dehn, Die Urnenfelderkultur in Nordwürttemberg. Forsch. u. ber. Vor- u. Frühgesch. Baden-Württemberg 1 (Stuttgart 1972)."
16;"Dietrich 1988";"R. Dietrich, Tontrichter der vorrömischen Eisenzeit. Hanauer Geschbl. 30, 1988, 65-92."
17;"Goessler 1914";"P. Goessler, Vom ältesten Mergentheim. Frankenland I, 1914, 391-397; 418-425."
18;"Goessler 1923";"P. Goessler, Die vor- und frühgeschichtliche Besiedlung des Oberamtes Riedlingen. In: Beschreibungen des Oberamtes Riedlingen (Stuttgart 1923), 167-272."
19;"Klein 1987";"F. Klein, Zu den vor- und frühgeschichtlichen Funden von Bad Mergentheim, Main-Tauber-Kreis. In: Opuscula [Festschr. F. Fischer]. Tübinger Beitr. Vor- u. Frühgesch. 2 (Tübingen 1987), 35-69."
20;"Kost 1936";"E. Kost, Die Besiedlung Württembergisch Frankens in vor- und frühgeschichtlicher Zeit. Württ. Franken NF 17/18, 1936, 11-109."
21;"Liebschwager 1969";"Ch. Liebschwager, Die Gräber der Frühlatènekultur in Baden-Württemberg (Ungedr Diss. Freiburg i. Br. 1969)."
22;"Neckermann/Wahle 1937";"E. Wahle, Funde und Fundstätten. In: K. Neckermann, Heimatscholle Vilchband. Eine 5000 Jahre alte Bauernsiedlung im badischen Frankenland (Mannheim 1937), 14-29."
23;"Nellissen 1975";"H.-E. Nellissen, Hallstattzeitliche Funde aus Nordbaden (Bonn 1975)."
24;"OAB Mergentheim";"Beschreibung des Oberamtes Mergentheim (Stuttgart 1880)."
25;"Pare 1987";"Ch. F. E. Pare, der Zeremonialwagen der Hallstattzeit: Untersuchungen zur Konstruktion, Typologie und Kulturbeziehungen. In: Vierrädrige Wagen der Hallstattzeit. Untersuchungen zu Geschichte und Technik. Monogr. RGZM 12 (Mainz 1987), 189-248."
26;"Pare 1992";"Ch. F. E. Pare, Wagons and Wagon-Graves of the Early Iron Age in Central Europe (Oxford 1992)."
28;"Pare 1991";"C. Pare, Swords, wagon-graves, and the beginning of the early iron age in central Europe. Kl. Schr. Vorgesch. Seminar Marburg 37 (Marburg 1991)."
29;"Paret 1921";"O. Paret, Die Urgeschichte Württembergs mit besonderer Berücksichtigung des mittleren Neckarlandes (Stuttgart 1921)."
30;"Paret 1961";"O. Paret, Württemberg in vor- und frühgeschichtlicher Zeit. Veröff. Komm. Gesch. Landeskde. Baden-Württemberg B 17 (Stuttgart 1961)."
31;"Parzinger 1986";"H. Parzinger, Zur Späthallstatt- und Frühlatènezeit in Nordwürttemberg. Fundber. Baden-Württemberg 11, 1986, 231-258."
32;"Parzinger 1988";"H. Parzinger, Chronologie der Späthallstatt- und Frühlatène-Zeit. Studien zu Fundgruppen zwischen Mosel und Save. Quellen u. Forsch. prähist. provinzialröm. Arch. 4 (Weinheim 1988)."
33;"Terzan 1992";"B. Terzan, Bemerkungen zu H. Parzingers Chronologie der Späthallstatt- und Frühlatènezeit. Prähist. Zeitschr. 67, 1992, 66-89."
34;"Paulus 1876/77";"E. v. Paulus, Die Alterthümer in Württemberg aus de römischen, altgermanischen (keltischen) und alemannischen (fränkischen) Zeit (Stuttgart 1876/77)."
35;"Reim 1999";"H. Reim, Siedlungsgrabungen im Vorfeld der Heuneburg bei Hundersingen, Gde. Herbertingen, Kreis Sigmaringen. Arch. Ausgr. Baden-Württemberg 1999, 53-57."
36;"Reim 2000";"H. Reim, Grabungen im befestigten Vorwerk der frühkeltischen Heuneburg bei Herbertingen-Hundersingen, Kreis Sigmaringen. Arch. Ausgr. Baden-Württemberg 2000, 63-66."
37;"Reim 2001";"H. Reim, Spätbronzezeitliche Gräber und frühkeltische Siedlungsreste im Vorfeld der Heuneburg bei Herbertingen-Hundersingen, Kreis Sigmaringen. Arch. Ausgr. Baden-Württemberg 2001, 57-60."
38;"Reim 1988";"H. Reim, Das keltische Gräberfeld bei Rottenburg am Neckar. Grabungen 1984-1987. Arch. Inf. Baden-Württemberg 3 (Stuttgart 1988)."
39;"Reim 1985/86";"H. Reim, Das keltische Gräberfeld im ,,Lindele,, bei Rottenburg. In: Forschungen und Funde. Beiträge zur Forschungsgeschichte und Archäologie von Rottenburg und Umgebung [Gedächtniosschr. F. Paradeis]. Sülchgau 29/30, 1985/86, 111-144."
41;"Arnold/Murray/Schneider 2000";"B. Arnold, M. L. Murray u. S. A. Schneider, Abschließende Untersuchungen an einem hallstattzeitlichen Grabhügel der Hohmichele-Gruppe im ,,Speckhau,,, Markung Heiligkreuztal, Gde. Altheim, Kreis Biberach. Arch. Ausgr. Baden-Württemberg 2000, 67-70."
43;"Baitinger 1996";"H. Baitinger, Ein Trinkhorn aus dem späthallstattzeitlichen Prunkgrab Asperg ,,Grafenbühl,,, Kr. Ludwigsburg? Arch. Korrbl. 26, 1996, 173-178."
44;"Baitinger 1999";"H. Baitinger, Die Hallstattzeit im Nordosten Baden-Württembergs (Stuttgart 1999)."
222;"Wahle 1925";"E. Wahle, Die Vor- und Frühgeschichte des unteren Neckarlandes (Heidelberg 1925)."
45;"Baumeister 2002";"R. Baumeister, Die Urnenfelder- und Hallstattkultur im Kraichgau. Eine kultur- und siedlungsgeschichtliche Betrachtung zum Übergang von der Bronze- zur Eisenzeit (Freiburg 2002)."
46;"Behn, 1928";"F. Behn, Bauernhöfe der Hallstattzeit. Germania 12, 1928, 12-20."
47;"Billamboz/Köninger 1995";"A. Billamboz u. J. Köninger, Hallstattzeitliche Fundstellen im südlichen Federseemoor, Kreis Biberach. Arch. Ausgr. Baden-Württemberg 1995, 96-104."
48;"Brosseder 2004";"U. Brosseder, Studien zur Ornamentik hallstattzeitlicher Keramik zwischen Rhônetal und Karpatenbecken. UPA 106 Bonn 2004)."
49;"Cosack 1994";"E. Cosack, Typologie eines Hallstattschwertes. Arch. Korrbl. 24, 1994, 179-186."
50;"Dämmer 1974";"H.-W. Dämmer, Zu späthallstattzeitlichen Zweischalennadeln und zur Datierung des Frauengrabes auf der Heuneburg. Fundber. Baden-Württemberg 1, 1974, 284-292."
51;"Dumont/Tegel/Treffort 2000";"A. Dumont, W. Tegel u. J.-M. Treffort, Neue dendrochonologische Datierungen hallstattzeitlicher Hölzer aus Hattstatt ,,Ziegelscheuer,, im Elsaß. Nachrbl. Arbeitskreis Unterwasserarch. 7, 2000, 84-88."
52;"Eckhardt 1996";"H. Eckhardt, Pfeil und Bogen. Eine archäologisch-technologische Untersuchung zu urnenfelder- und hallstattzeitlichen Befunden. Intern. Arch. 21 (Espelkamp 1996)."
53;"Eggert 1988";"M. K. H. Eggert, Riesentumuli und Sozialorganisation: Vergleichende Betrachtungen zu den sogenannten ,,Fürstenhügeln,, der späten Hallstattzeit. Arch. Korrbl. 18, 1988, 263-274."
54;"Eggert 1990";"M. K. H. Eggert, Prestigegüter und Sozialstruktur in der Späthallstattzeit: Eine kulturanthropologische Perspektive. Saeculum 41, 1990, 1-28."
55;"Endert 1987";"D. v. Endert, Die Wagenbestattungen der späten Hallstattzeit und der Latènezeit im Gebiet westlich des Rheins (Oxford 1987)."
56;"Engels 1967";"H.-J. Engels, Die Hallstatt- und Latènekultur in der Pfalz. Veröff. Pfälz. Ges. Förderung Wiss. Speyer 55 (1967)."
57;"Ettel 1993";"P. Ettel, Hallstattzeitliches Totenbrauchtum nördlich der Donau im Schnittpunkt zwischen Ost- und Westkreis. Ber. RGK 74, 1993, 284-302."
58;"Ettel 1996";"P. Ettel, Gräberfelder der Hallstattzeit aus Oberfranken (Kallmünz/Opf 1996)."
60;"Flettner 1989";"S. Flettner, Ein Brandgrab mit Eisenarmring aus dem Übergang der Urnenfelder- zur Hallstattzeit vom unteren Main. Arch. Korrbl. 19, 1989, 53-61."
61;"Forrer 1912";"R. Forrer, Skelettgrab der Hallstattzeit bei Dingsheim. Anz. Elsäss. Altkde. 15, 1912, 231-232."
62;"Fries 2002";"J. E. Fries, Zwei ,,Herrenhöfe,, und ein Brandgräberfeld der Hallstattzeit aus Nördlingen-Baldingen (Ldkrs. Donau-Ries). Arch. Korrbl. 32, 2002, 561-573."
63;"Gechter 1991";"M. Gechter, Das hallstattzeitliche Hügelgräberfeld Lohmar. Bemerkungen zur Bedrohung durch Raubgräber. Arch. Rheinland 1991, 43-45."
64;"Gechter-Jones 1997";"J. Gechter-Jones, Neue hallstattzeitliche Urnengräber. Arch. Rheinland 1997, 40-41."
65;"Gerdsen 1986";"H. Gerdsen, Studien zu den Schwertgräbern der Älteren Hallstattzeit (Mainz 1986)."
66;"Glunz 1994";"B. Glunz, Zu mittteleuropäischen Plattenfibeln unter spezieller Berücksichtigung der goldenen Fibel aus Hallstatt Grab 505. Arch. Korrbl. 24, 1994, 283-288."
67;"Glunz 1997";"B. E. Glunz, Studien zu den Fibeln aus dem Gräberfeld von Hallstatt, Oberösterreich (Linz 1997)."
68;"Grasselt 1993";"T. Grasselt, Untersuchungen an hallstattzeitlichen Grabhügeln im Forst Merzelbachwald bei Römhild, Lkr. Meiningen, Südthüringen. Ber. RGK 74, 1993, 314-327."
69;"Haevernick 1975";"T. E. Haevernick, Hallstatt-Glasringe und Hagenauer Perlen. Trierer Zeitschr. 38, 1975, 63-73."
70;"Haffner 1965";"A. Haffner, Späthallstattzeitliche Funde aus dem Saarland. Ber. Staatl. Denkmalpfl. Saarland 12, 1965, 7-34."
71;"Haffner 1969";"A. Haffner, Ein Grabhügel der Späthallstattzeit von Riegelsberg, Landkreis Saarbrücken. Ber. Staatl. Denkmalpfl. Saarland 16, 1969, 49-60."
72;"Haffner 1971a";"A. Haffner, Ein hallstattzeitlicher Eisenschmelzofen von Hillesheim, Kreis Daun. Trierer Zeitschr. 34, 1971, 21-29."
73;"Haffner 1973";"A. Haffner, Das Gräberfeld von Lorentzweiler-Blaschette zur Hallstattzeit in Luxemburg. Hémecht 25, 1973, 401-416."
74;"Haffner 1991";"A. Haffner, Zum Forschungsstand der Hallstatt- und Frühlatènezeit im Hunsrück-Nahe-Raum. In: A. Haffner und A. Miron (Hrsg.), Studien zur Eisenzeit im Hunsrück-Nahe-Raum [Symposium Birkenfeld 1987]. Beih. Trierer Zeitschr. 13 (Trier 1991) 9-22."
75;"Härke 1979";"H. G. H. Härke, Settlement Types and Patterns in the West Hallstatt Province. BAR Internat. Series 57 (Oxford 1979)."
76;"Joachim 1997";"H.-E. Joachim, Katalog der späthallstatt- und frühlatènezeitlichen Funde im nördlichen Regierungsbezirk Koblenz. In: H.-H. Wegner (Hrsg.), Ber. Arch. Mittelrhein u. Mosel 5. Beih. Trierer Zeitschr. 23 (Trier 1997), 69-115."
77;"Joachim 1992";"H.-E. Joachim, Ösen-, Drei- und Vierknotenringe der Späthallstatt- und Frühlatènezeit. Bonner Jahrb. 192, 1992, 13-60."
78;"Joachim ####";"H.-E. Joachim, Späthallstattzeitlicher Bronzekessel von Niederweiler, Rhein-Hunsrück-Kreis. Funde u. Ausgr. Bezirk Trier 13. Kurtrierisches Jahrb. 21, 10*-16*."
79;"Joachim 1977";"H.-E. Joachim, Polygonale und verwandte Ringe der Späthallstatt- und Frühlatènezeit. Prähist. Zeitschr. 52, 1977, 199-231."
80;"Joachim 1972";"H.-E. Joachim, Ein Körpergrab mit Ösenhohlring aus Neuwied, Stadtteil Heimbach-Weis. Nochmals zur Späthallstatt-Tracht im Rheinischen Gebirge. Trierer Zeitschr. 35, 1972, 89-108."
81;"Joachim 1970";"H.-E. Joachim, Späthallstattzeitliche Hügelgrabfunde aus Wirfus, Kreis Cochem. Bonner Jahrb. 170, 1970, 36-70."
82;"Hörter 1915a";"P. Hörter, Gräber der jüngsten Hallstattzeit bei Mayen, Rheinland. Mannus 7, 1915, 330-337."
83;"Hörter 1915";"P. Hörter, Ein Gräberfeld der ältesten Hallstattzeit bei Gering, Kreis Mayen, Rheinland, Mannus 7, 1915, 326-330."
84;"Hörter 1913";"P. Hörter, Ein Gräberfeld der ältesten Hallstattzeit bei Gering, Kreis Mayen, Rheinland. Mannus 5, 1913, 307-318."
85;"Hoppe 1991";"M. Hoppe, Ein singuläres Fibelpaar der Hallstattzeit aus Riedenburg-Untereggersberg, mit einem Beitrag zu den Fibeln aus Hallstatt, Grab 324. Arch. Korrbl. 21, 1991, 501-505"
86;"Hoppe 1986";"M. Hoppe, Die Grabfunde der Hallstattzeit in Mittelfranken. Materialhefte Bayerische Vorgesch. A55 (Kallmünz/Opf 1986)."
87;"Heynowski 1991";"R. Heynowski, Trachtschmuck aus sechs Späthallstattgräbern des Weilburger Raumes. Arch. Korrbl. 21, 1991, 67-72."
88;"Herrmann 1974";"F.-R. Herrmann, Der Fundort der späthallstattzeitlichen Ringe von ,,Butzbach,,. Fundber. Hessen 14, 1974, 9-13."
89;"Herrenbrodt 1959";"A. Herrenbrodt, Ein hallstattzeitlicher Ringwall auf dem Lüderich, Gem. Overath, Rheinisch-Bergischer-Kreis. Germa-nia 37, 1959, 280-281."
90;"Hennig/Lucianu 2000";"H. Hennig u. C. Lucianu, Zipf, Christaller, Gräberfelder. Sind latente Besiedlungsstrukturen der Hallstattzeit aus der Verteilung der Nekropolen ersichtlich? Arch. Korrbl. 30, 2000, 527-548."
91;"Hennig 2001";"H. Hennig, Gräber der Hallstattzeit in Bayerisch-Schwaben (Stuttgart 2001)."
92;"Hell ####";"M. Hell, Weißgrundige Keramik der Späthallstattzeit aus Salzburg. Germania 28, 44-50."
93;"Hawkes 1931";"Chr. Hawkes, Die Erforschung der Spätbronzezeit, Hallstatt- und Laténe-zeit in England und Wales von 1914-1931. Berichte der Römisch Germanischen Kommission 21, 1931, 86ff."
94;"Hoppe 1982";"M. Hoppe, Neue Siedlungsfunde der Bronze- und Eisenzeit aus dem Taubergrund. Fundber. Baden-Württemberg 7, 1982, 73-207."
95;"Krause 1989";"E.-B. Krause, Zur Hallstattzeit an Mosel, Mittel- und Niederrhein. Kulturelle Beziehungen zwischen der Laufelder Gruppe und dem Niederrhein während der frühen Eisenzeit. In: La civilisation de Hallstatt [Kongreß Liège 1989] 93-110."
96;"Kraft 1929";"G. Kraft, Über die Herkunft der Hallstattkultur der Schwäbischen Alb. Prähist. Zeitschr. 20, 1929, 21-75, 117-160."
97;"Kossack 1993";"G. Kossack, Hallstatt- und Latèneornament. In: H. Dannheimer u. R. Gebhard (Hrsg.), Das keltische Jahrtausend [Ausstellungskatalog München 1993] (Mainz 1993) 138-152."
98;"Kossack 1959";"G. Kossack, Südbayern während der Hallstattzeit. Röm.-Germ. Forsch. 24 (Berlin 1959)."
99;"Kossack 1957";"G. Kossack, Zur Chronologie der älteren Hallstattzeit (Ha C) im bayerischen Alpenvorland. Germania 35, 1957, 207-223."
100;"Köninger 1999";"J. Köninger, Von Fischen, Fallen und Faschinen. Neues aus den hallstattzeitlichen Fundstellen von Oggelshausen-Bruckgraben, Kreis Biberach. Arch. Ausgr. Baden-Württemberg 1999, 59-64."
101;"Köninger 1998";"J. Köninger, Zum Fortgang der Untersuchungen in den hallstattzeitlichen Fundstellen im ,,Bruckgraben,,, Gemeinde Oggelshausen, Kreis Biberach, im südlichen Federseeried. Arch. Ausgr. Baden-Württemberg 1998, 95-99."
102;"Koller 1998";"H. Koller, Die Gräber der Späthallstattzeit im Freiamt (Kt. Aargau). Jahrb. SGUF 81, 1998, 118-170."
103;"Köhler/Morton 1954";"A. Köhler u. F. Morton, Mineralogische Untersuchung prähistorischer Keramik aus Hallstatt im Zusammenhang mit der Frage nach ihrer Herkunft. Germania 32, 1954, 66-72."
104;"Koepke 1987";"H. Koepke, Bemalte Hallstattkeramik aus Rheinhessen. Mainzer Zeitschr. 82, 1987, 211-237."
105;"Koch 1999";"J. K. Koch, Der Wagen und das Pferdegeschirr aus dem späthallstattzeitlichen Fürstengrab von Eberdingen-Hochdorf (Kr. Ludwigsburg) (Dissertation Kiel 1999)."
106;"Klug-Treppe 2003";"J. Klug-Treppe, Hallstattzeitliche Höhensiedlungen im Breisgau (Stuttgart 2003)."
107;"Klein 2004";"F. Klein, Siedlungsfunde der ausgehenden Späthallstatt- und frühen Latènezeit aus Württemberg [Dissertation Tübingen 1985] (Tübingen 2004)."
108;"Klein 1943";"C. Klein, Die Freilegung von Grabhügeln aus der Spät-Hallstattzeit und La-Tènezeit im Gemeindewald von Altheim und Brenschelbach. Ber. Konservator Gesch. Denkmäler Saargebiet 5, 1934, 34-81."
109;"Klein 1927";"C. Klein, Die Untersuchung von 14 Grabhügeln der im Schorn- und Kappelwald bei Rubenheim befindlichen Hallstatt-Nekropole. Ber. Konservator Gesch. Denkmäler Saargebiet 2, 1927, 9-29."
110;"Kimmig 1991";"W. Kimmig, Edelmetallschalen der späten Hallstatt- und frühen Latènezeit. Arch. Korrbl. 21, 1991, 241-253."
112;"Kilian-Dirlmeier 1970";"I. Kilian-Dirlmeier, Bemerkungen zur jüngeren Hallstattzeit im Elsass. Jahrb. RGZM 17, 1970, 84-93."
113;"Kilian 1972";"L. Kilian, Grabhügel der Bronze- Hallstatt- und Latènezeit von Rülzheim, Kreis Germersheim. Mitt. Hist. Ver. Pfalz. 70, 1972, 101-110."
114;"Kilian 1969";"L. Kilian, Ein Kammergrab der älteren Hallstattzeit von Wörth, Kr. Germersheim. Mitt. Hist. Ver. Pfalz. 67, 1969, 35-46."
115;"Kilian 1965";"L. Kilian, Gräber der Bronze-, Urnenfelder- und Hallstattzeit bei Wörth, Kreis Germersheim. Mitt. Hist. Ver. Pfalz. 63, 1965, 9-33."
116;"Kappel 1979/80";"I. Kappel, Ein Gräberfeld der Hallstattzeit in Ahnatal-Weimar, Kreis Kassel. Fundber. Hessen 19/20, 1979/80, 559-574."
117;"Jorns 1979/80";"W. Jorns, Das hallstattzeitliche Holzerdewerk Koberstadt im einstigen Reichsforst Dreieich. Fundber. Hessen 19/20, 1979/80, 545-558."
118;"Jorns 1939";"W. Jorns, Die Hallstattzeit in Kurhessen (Marburg 1939)."
119;"Schiek  1956";"S. Schiek, Fürstengräber der jüngeren Hallstattkultur in Südwestdeutschland (Ungedr. Diss. Tübingen 1956)"
120;"Sangmeister 1992";"E. Sangmeister, Ein Grabhügel der Hallstattkultur in Ewattingen, Kr. Waldshut. Arch. Nachr. Baden 47/48, 1992, 27-44"
121;"Schiek 1954";"S. Schiek, Das Hallstattgrab von Vilsingen. Zur Chronologie der späthallstattzeitlichen Fürstengräber ion Südwestdeutschland. In: Tübinger Beitr. Vor- u. Frühgesch. [Festschr. P. Goessler] (Stuttgart 1954), 150-167"
122;"Schuhmacher 1897";"K. Schuhmacher, Die Besiedlung des Odenwaldes und Baulandes in vorrömischer und römischer Zeit. Neue Heidelberger Jahrb. 7, 1897, 138-160."
123;"Schuhmacher 1922";"K. Schuhmacher, Die Besiedlung des unteren Taubertals. Fundber. Schwaben NF 1, 1917-1922, 118-126."
124;"Sievers 1982";"S. Sievers, Die mitteleuropäischen Hallstattdolche. PBF VI/6 (München 1982)."
125;"Sievers 1984";"S. Sievers, Die Kleinfunde der Heuneburg. Röm. Germ. Forsch. 42 (Mainz 1984)."
126;"Sievers 1993";"S. Sievers, Krieger der Latènezeit. In: H. Dannheimer u. R. Gebhard (Hrsg.), Das keltische Jahrtausend [Ausstellungskatalog München 1993] (Mainz 1993) 54-61."
127;"Sievers 2004";"S. Sievers, Der Dolch von Estavayer-le-Lac. Ein handwerkliches Kleinod der älteren Eisenzeit. Helvetia Arch. 35, 2004, 56-67."
128;"Spindler 1980b";"K. Spindler, Das Eisenschwert von Möhrendorf, Lkr. Erlangen-Höchstadt. In: K. Spindler (Hrsg.), Vorzeit zwischen Main und Donau. Erlanger Forschungen, Reihe A, Band 26 (Erlangen 1980) 206-226."
129;"Stary 1980";"P. F. Stary, Das spätbronzezeitliche Häuptlingsgrab von Hagenau, Kr. Regensburg. In: K. Spindler (Hrsg.), Vorzeit zwischen Main und Donau. Erlanger Forschungen, Reihe A, Band 26 (Erlangen 1980) 47-97."
223;"Kurz 1997";"S. Kurz, Bestattungsbrauch der westlichen Hallstattkultur (München u.a. 1997."
130;"Jung 2003";"M. Jung, Überlegungen zur Ausrichtung der Nachbestattungen im Magdalenenberg bei Villingen. Arch. Korrbl. 33, 2003, 357-362."
131;"Spindler 1971";"K. Spindler, Magdalenenberg. Der hallstattzeitliche Fürstengrabhügel bei Villingen im Schwarzwald I (Villingen 1971)."
132;"Spindler 1972";"K. Spindler, Magdalenenberg. Der hallstattzeitliche Fürstengrabhügel bei Villingen im Schwarzwald II (Villingen 1972)."
133;"Spindler 1973";"K. Spindler, Magdalenenberg. Der hallstattzeitliche Fürstengrabhügel bei Villingen im Schwarzwald III (Villingen 1973)."
134;"Spindler 1976";"K. Spindler, Magdalenenberg. Der hallstattzeitliche Fürstengrabhügel bei Villingen im Schwarzwald IV (Villingen 1976)."
135;"Spindler 1977";"K. Spindler, Magdalenenberg. Der hallstattzeitliche Fürstengrabhügel bei Villingen im Schwarzwald V (Villingen 1977)."
136;"Spindler 1980a";"K. Spindler, Magdalenenberg. Der hallstattzeitliche Fürstengrabhügel bei Villingen im Schwarzwald VI (Villingen 1980)."
137;"Spindler 1983";"K. Spindler, Die frühen Kelten (Stuttgart 1983)."
138;"Stang 1955";"H. Stang, Die vor- und frühgeschichtliche Besiedlung der Gemarkund Tauberbischofsheim und des Landkreises. In: Tauberbischofsheim. Aus der Geschichte einer alten Amtsstadt. Festgabe zur 1200-Jahr-Feier (Tauberbischofsheim 1955), 1-80"
139;"Stork 1987";"I. Stork, Die Vor- und Frühgeschichte der Gemarkung Dittigheim. In: E. Weiss, Dittigheim. Geschichte einer alten Siedlung im Taubertal (Dittigheim 1987), 16-41."
140;"Wagner 1908";"E. Wagner, Fundstätten und Funde aus vorrömischr, römischer und alemannisch-fränkischer Zeit im Großherzogtum Baden. I. Das badische Oberland (Tübingen 1908)."
141;"Wagner 1911";"E. Wagner, Fundstätten und Funde aus vorrömischr, römischer und alemannisch-fränkischer Zeit im Großherzogtum Baden. II. Das badische Unterland (Tübingen 1911)."
142;"Wamser 1975";"G. Wamser, Zur Hallstattkultur in Ostfrankreich. Ber. RGK 56, 1975, 7-178."
143;"Wamser ####";"G. Wamser, Das hallstattzeitliche Gräberfeld von Impfingen, Stadt Tauberbischofsheim, Mein-Tauber-Kreis. Materialh. Arch. Baden-Württemberg (in Vorbereitung)"
144;"Wamser 1972";"L. Wamser, Mauenheim und Bargen - Zwei Grabhügelfelder der hallstatt- und Frühlatènezeit aus dem nördlichen Hegau (Ungedr. Diss Freiburg i. Br. 1972)."
145;"Wamser 1981";"L. Wamser, Wagengräber der Hallstattzeit in Franken. Frankenland NF 33, 1981, 225-258."
146;"Wehrberger 1984";"K. Wehrberger, Das hallstattzeitliche Gräberfeld von Werbach, Mai-Tauber-Kreis. Fundber. Baden-Württemberg 9, 1984, 81-221."
147;"Wehrberger 1986";"K. Wehrberger, Die eisenzeitliche Besiedlung des mittleren Neckarlandes um Lauffen a. N. (Baden-Württemberg). Kunde NF 37, 1986, 133-160."
148;"Zürn 1957";"H. Zürn, Zur Chronologie der Alb-Salem-Keramik. Germania 35, 1957, 224-229."
149;"Zürn 1952";"H. Zürn, Zum Übergang von Späthallstatt zu Latène A im südwestdeutschen Raum. Germania 30, 1952, 38-45."
150;"Zürn 1943";"H. Zürn, Zur Keramik der späten Hallstattzeit. Germania 27, 1943, 20-35."
151;"Zürn 1942";"H. Zürn, Zur Chronologie der späten Hallstattzeit. Germania 26, 1942, 116-124."
152;"Zürn 1941";"H. Zürn, Die Hallstattzeit in Württemberg, Die Grabfunde (unpubl. Diss. Tübingen 1941)."
153;"Zürn 1965";"H. Zürn, Katalog Schwäbisch-Hall. Die vor- und frühgeschichtlichen Funde im Keckenburgmuseum. Veröff. Staatl. Amt denkmalpfl. Stuttgart A 9 (Stuttgart 1965)"
154;"Zürn 1957a";"H. Zürn, Kataloig Zainingen. Ein hallstattzeitliches Grabhügelfeld. Veröff. Staaltl. Amt Denkmalpfl. Stuttgart A 4 (Stuttgart 1957)."
155;"Zürn 1961";"H. Zürn, Die vor- und frühgeschichtlichen Geländedenkmale und die mittelalterlichen Burgstellen der Kreise Göppingen und Ulm. Veröff. Staaltl. Amt Denkmalpfl. Stuttgart A 6 (Stuttgart 1961)."
156;"OAB Besigheim 1853";"Beschreibung des Oberamtes Besigheim (Stuttgart 1853)."
157;"OAB Crailsheim 1884";"Beschreibung des Oberamtes Crailsheim (Stuttgart 1884)."
158;"OAB Heilbronn 1901";"Beschreibung des Oberamtes Heilbronn 1. Teil (Stuttgart 1901)."
159;"OAB Künzelsau 1883";"Beschreibung des Oberamtes Künzelsau (Stuttgart 1883)."
160;"OAB Neckarsulm 1881";"Beschreibung des Oberamtes Neckarsulm (Stuttgart 1881)."
161;"OAB Oehringen 1865";"Beschreibung des Oberamtes Oehringen (Stuttgart 1865)."
424;"Kost 1937/38";"E. Kost, Neue vor- und frühgeschichtliche Funde in Württembergisch Franken. Württ. Franken N.F. 19, 1937/38, 153–190."
429;"Lang 1974";"A. Lang, Die geriefte Drehscheibenkeramik der Heuneburg 1950-1970 und verwandte Gruppen. Heuneburgstudien III. In: Römisch-Germanische Forschungen, Band 34. Hrsg.: Römisch-Germanische Kommission des Deutschen Archäologischen Instituts Frankfurt a. M. (Frankfurt a. M. 1974)"
434;"Fischer 1982";"F. Fischer, Frühkeltische Fürstengräber in Mitteleuropa, Antike Welt Sondernummer 1982, 6 f."
166;"Wahle 1928";"E. Wahle, Grabhügelfund der Hallstattzeit von Oberwittighausen. Bad. Fundber. 1, 1925-28, 4-7."
167;"Fiedler 1962";"R. Fiedler, Katalog Kirchheim unter Teck (1962)"
168;"Paret 1938";"O. Paret, Das Hallstattgrab von Sirnau bei Eßlingen. Fundber. Schwaben NF 9, 1938, 61-66."
169;"Oftiger 2000";"C. Oeftiger, Metallzeitliche Siedlungsbefunde in Flur ,,Wöllerspfad,, bei Königshofen, Stadt Lauda-Königshofen, Main-Tauber-Kreis. In: Arch. Ausgr. 2000, 51-55."
170;"Koch 1969";"R. Koch, Katalog Esslingen (Stuttgart 1969)."
171;"Krämer 1962";"W. Krämer, Ein Knollenknaufschwert aus dem Chiemsee. Aus Bayerns Frühzeit ###, 1962, 109ff."
172;"Bittel 1934";"K. Bittel, Kelten in Württemberg (####)."
173;"Rieht 1938a";"A. Rieth, Vorgeschichtliche Funde aus dem Kalktuff der Schwäbischen Alb und des württembergischen Muschelkalkgebietes. Mannus 30, 1938, 562-584."
174;"Neumaier 1995";"H.Neumaier, Aus der Frühzeit vorgeschichtlicher Archäologie: Die Grabhügelforschungen Wilhelm Hammers 1837/1838. Sonderdruck aus: Württembergisch Franken/ Jahrbuch 1995."
175;"Keller 1871";"O.Keller, Vicus Aurelii [Bonn 1871]"
177;"Wieland 1996";"Günther Wieland, Die Spätlatenezeit in Baden-Württemberg.[Stuttgart 1996]."
178;"Trachsel 2004";"Trachsel, Untersuchungen zur rel. U. absol. Chronologie der Hallstattzeit, Teil 2 (2004)"
180;"Maier 1958";"F. Maier, Zur Herstellungstechnik und Zierweise der späthallstättischen Gürtelbleche. Ber. RGK 39, 1958, 131-249."
181;"Rieth 1938b";"Adolf Rieth, Vorgeschichte der Schwäbischen Alb unter besonderer Berücksichtigung des Fundbestandes der mittleren Alb. Mannus-Bücherei Band 61. Leipzig 1938."
182;"Kurz 1995a";"S. Kurz, Neue Ausgrabungen im Vorfeld der Heuneburg bei Herbertingen-Hundersingen, Kreis Sigmaringen. Arch. Ausgr. Baden-Württemberg 1995, 105-109."
183;"Kurz 1995b";"G. Kurz, Keltische Hort- und Gewässerfunde in Mitteleuropa (Stuttgart 1995)."
184;"Warneke 1999";"T. F. Warneke, Hallstatt- und frühlatènezeitlicher Anhängerschmuck. Intern. Arch. 50 (Rahden/Westf. 1999)."
185;"Mansfeld 1973";"G. Mansfeld, Die Fibeln der Heuneburg 1950-1970. Röm. Germ. Forsch. 33. Heuneburgstudien 2 (Berlin 1973)."
186;"Kilian-Dirlmeier 1972";"I. Kilian-Dirlmeier, Die hallstattzeitlichen Gürtelbleche und Blechgürtel Mitteleuropas. PBF XII/1 (München 1972)."
187;"Neumaier 1993";"Helmut Neumaier, Christian Ernst Hansselmann. Zu den Anfängen der Limesforschung in Südwestdeutschland. In ,,Materialhefte zur Vor- und Frühgeschichte,, , Band 18  [ Stuttgart 1993 ]."
188;"Mattes 1929";"Wilhelm Mattes, Öhringer Heimatbuch [ Öhringen 1929 ]."
189;"Rochna undatiert";"O. Rochna, Gagatschmuck aus der frühen Eisenzeit in Unterfranken. Mainfränkisches Jahrbuch f. Geschichte und Kunst 15. [Sonderdruck ohne Jahresangabe]."
190;"Koch  1993";"R. und U. Koch, Funde aus der Wüstung Wülfingen am Kocher(Stadt Forchtenberg, Hohenlohekreis). Materialhefte zur Archäologie in Baden- Württemberg Bd 21. [Stuttgart 1993]."
191;"Veeck 1931";" W Veeck , Die Alamannen in Württemberg, Germanische Denkmäler der Völkerwanderungszeit Bd. I [ Berlin, Leipzig 1931]."
192;"Krause 1981";"R. Krause,Grabfunde in Ernsbach, Stadt Forchtenberg, Hohenlohekreis in Archäol. Ausgrabungen Jahrg. 1980 [ Stuttgart 1981], S.104-107."
193;"Paret 1955";"O. Paret,Eine neuentdeckte vorgeschichtliche Fliehburg an der Jagst in Blätter des Schwäbischen Albvereins 7, 61. Jahrg. Nr.5, Sept./Okt. 1955, S.93/94."
194;"Koch 1971";"R. Koch,Siedlungsfunde der Laténe- und Kaiserzeit aus Ingelfingen in Fundber. a. Schwaben N.F. 19,1971, S.124-174."
195;"Hansselmann 1768";"C.E.Hansselmann, Beweiss,wie weit der Römer Macht in den verschiedenen teutschen Völkern geführten Kriegen,auch in die nunmehrig Ost-Fränkischen,sonderlich Hohenlohischen,Lande eingedrungen,..[Schwäbisch Hall 1768]"
196;"Beiler 1937";"G.Beiler, Die vor- und frühgeschichtliche Besiedlung des Oberamtes Heilbronn a. N. in Veröffentlichungen d. Hist. Ver. Heilbronn (Heft 18).[Heilbronn 1937]."
197;"Paret 1938 b";"O. Paret, Die Keltenhöhle bei Dörzbach im Jagsttal in Fundberichte aus Schwaben N.F. 9,1938, Seite 70-72."
198;"Krause 1984";"R.Krause, Vorgeschichtliche Grabhügel bei Niedernhall, Hohenlohekreis in Archäologische Ausgrabungen in Bad. - Württ. 1983.[Stuttgart 1984],S.91-93"
199;"Zürn 1987 b";"H. Zürn, Der Abschnittswall bei Aschhausen, Gde Schöntal, Hohenlohekreis in Fundber. Aus Bad.- Württ. 12, 1987, S. 195-203.[ Stuttg. 1987]"
200;"Jockenhövel 1974";"A.Jockenhövel, Zu befestigten Siedlungen d. Urnenfelderzeit aus Süddeutschland in Fundber. A. Hessen 14, S.19-62.[Wiesbaden 1975]"
201;"Krause 1982";"R. Krause, Vor- und frühgesch. Grabfunde in Ernsbach ( Stadt Forchtenberg, Hohenlohekreis ) in Württ. Franken NF 66 . [ Schw. Hall 1982 ], S.7-46."
202;"Allen 1978";"D.F.Allen, The coins from the Oppidum of Altenburg and the Bushel Series. Sonderdruck aus Germania 56,1978.[ Wiesbaden 1978 ]. S.190-229."
203;"Wegner 1976";"G. Wegner, Die vorgeschichtlichenFlußfunde aus dem Main und aus dem Rhein bei Mainz. Materialhefte zur bayrischen Vorgeschichte Reihe A, Heft 30. [Kallmünz 1976]."
204;"Ehrhardt/Simon 1971";"S.Ehrhardt/P.Simon, Skelettfunde der Urnenfelder-und Hallstattkultur in Württemberg und Hohenzollern. Naturwissentschaftliche Untersuchungen zur Vor-und Frühgeschichte in Württ. und Hohenzollern Band 9.[Stuttgart 1971]"
205;"Öftinger/Müller 1993a";"C.Öftinger/D.Müller, Der Zargenbuckel bei Schöntal-Aschhausen(Hohenlohekreis).Vor-und frühgesch. Befestigungen Bd. 2 (Atlas arch. Geländedenkmäler in BW).[Stuttgart 1993]"
206;"Fischer 1973";"F.Fischer, Höhle bei St. Wendel zum Stein nahe Dörzbach in Führer zu vor- und frühgesch. Denkmälern Bd. 24, Hohenloher Land.[Mainz 1973] S.181-184."
207;"Fehring 1973";"G.P.Fehring, Wüstung Wülfingen in Führer zu vor- u. vorgeschichtlichen Denkmälern Bd. 24, Hohenloher Land. [Mainz 1973] S.188-193."
208;"Zürn 1973";"H. Zürn, Der urnenfelderzeitliche Abschnittswall auf dem ,,Zargen,, bei Aschhausen in Führer zu vor- und frühgeschichtlichen Denkmälern Bd. 24, Hohenloher Land. [Mainz 1973]. S.176-180."
209;"Rochna 1962";"O. Rochna, Hallstattzeitlicher Lignit- und Gagatschmuck. Zur Verbreitung, Zeitstellung und Herkunft. In Fundber. a. Schwaben N. F. 16, 1962. [Stuttgart 1962]. S. 44-83."
210;"Veeck 1936";"W. Veeck, Der Burgberg bei Oberspeltach. Sonderdruck aus Schwäb. Heimatbuch., S. 27 ff. [ Stuttg. 1936]"
211;"Veeck 1940";"W Veeck, Eine Keltische Solesiederei in Schwäbisch Hall. Sonderdruck aus Jahrb. des hist. Ver. für Württ. Franken NF 20/21. [ Schwäb. Hall 1940]. S.112-128."
212;"Jansen/Stock/Quast/Selent 1992";"H.G. Jansen/I. Stock/ D. Quast/ A. Selent , Archäol. und geomagn. Untersuchungen auf der Stöckenburg in Vellberg, Kreis Schwäb. Hall in Archäologische Ausgrabungen in Bad.-Württ. 1991. S.105-111. [ Stuttgart 1992 ]."
213;"Stork/ Balle 1995";"I. Stork/ G. Balle, Ein ,,aufschlußreicher,, Kompromiß: Die Ausgrabungen einer Teilfläche der vorgesch. Höhensiedlung ,, Stöckenburg ,,, Stadt Vellberg, Kreis Schwäb. Hall in Archäol. Ausgr. In Bad.- Württ. 1994. S.87-91. [ Stuttgart 1995 ]."
214;"Fischer 1973 b";"F.Fischer, Schwäbisch Hall, die vorgechichtliche Salzsiedersiedlung in Führer zu vor- und frühgesch. Denkmälern 23 ( Schwäb. Hall, Comburg,Vellberg); S. 116-125.           [ Mainz 1973 ]"
215;"Zürn 1956";"xxx"
216;"Wahle 1937";"E. Wahle in: K. Neckermann, Heimatschollew Vilchband (Mannheim 1937)"
217;"Dauber u.a 1967";"A. Dauber/E. Gropengießer/B. Heukemes/M. Schwab, Archäologische Karte der Stadt- und der Landkreise Heidelberg und Mannheim. Badische Fundberichte Sonderheft 10 (1967)."
218;"Wilhelmi 1840";"Wilhelmi, Sinsheimer Jahresber. 7, 1840."
219;"Wilhelmi 1831";"Wilhelmi, Sinsheimer Jahresber. 1, 1831."
220;"Kimmig 1940";"W. Kimmig, Die Urnenfelderkultur in in Baden, untersucht auf Grund der Gräberfunde. Röm. German. Forsch. 14 (1940)."
221;"Degenfeld 1859";"Major A. v. Degenfeld, Karlsr. Ztg. Vom 6. Nov. 1859."
231;"Kurz/Schiek 2002";"S. Kurz/S. Schiek, Bestattungsplätze im Umfeld der Heuneburg. Forschungen und Berichte zur Vor- und Frühgeschichte in Baden-Württemberg 87 (Stuttgart 2002)."
230;"Bauer 1991";"Sibylle Bauer, Siedlungen in der Ebene und auf dem Berg. Bemerkungen zur Frühlatènezeit im Heidelberger Raum, Fundberichte aus Baden-Württemberg 16 (1991), S. 133-170"
224;"Wahle 1920-21";"E. Wahle, Die Besiedlung Südwestdeutschlands in vorrömischer Zeit nach ihren natürlichen Grundlagen. Ber. RGK 12, 1920-21, 1 ff. und Beiheft."
225;"Keller 1939";"J. Keller, Die Alb-Hegau-Keramik der älteren Eisenzeit. Tübinger Forschungen zur Archäologie und Kunstgeschichte 18 (Reutlingen 1939)."
226;"Heukemes 1966";"B. Heukemes, Aus der Vorzeit der Gemarkung. In: J. Golitschek (Hrsg.), Nußloch, ein Heimatbuch (Nußloch 1966) 15-30."
227;"Hildebrand 2003";"L. H. Hildebrand, Archäologische Funde und Befunde. In: K. Dussel, Rauenberg (Ubstadt-Weiher 2003) 45-53."
228;"Gropengiesser 1956";"E. Gropengiesser, Die Spätlatènezeit im unteren Neckarland und die Suebi Nicretes (Dissertation Heidelberg 1956)."
229;"Behrends 1977";"R.-H. Behrends, Eine vorgeschichtliche Befestigungsanlage auf dem Eichelberg. Denkmalpfl. Baden-Württemberg 3, 1977, 117 ff."
232;"Rademacher 1999";"Rademacher, Ortsbuch Aidlingen, (Aidlingen 1999), 23 ff."
233;"Wagner 1925";"Wagner, Georg (Hg.), Nagolder Heimatbuch (Hohenlohe 1925)"
234;"Stoll 1933";"Stoll, H. Urgeschichte des Oberen Gäues, Veröffentlichungen des Württembergischen Landesamtes für Denkmalpflege Band 7. (Oehringen 1933)"
235;"Hald 1996";"Hald, Jürgen. Das Gräberfeld im Böblinger Stadtwald >Brand<. Ein Beitrag zur Späthallstatt-Chronologie in Nordwürttemberg (Stuttgart 1996)"
236;"Staehle 1923";"Staehle, Karl Friedrich. Urgeschichte des Enzgebietes. Ein Beitrag zur Kulturgeschichte der Schwäbischen Heimat (Augsburg 1923)"
237;"Christlein 1978";"Rainer Christlein, Die Alamannen: Archäologie eines lebendiges Volkes (Stuttgart 1978)"
238;"Gaubatz 1982";"A. Gaubatz, Die villa rustica von Bondorf, Kreis Böblingen IN: Forsch. u. Ber. Vor- u. Frühgesch. Baden-Württemberg 51 (Stuttgart 1994)"
239;"Peters 1975";"K. Peters, Bodenfunde im Verwaltungsraum Kirchheim unter Teck (Kirchheim 1975)"
240;"Laskowski 1992";"R. Laskowski, Verzeichnis neuer Bodenfunde auf dem Gebiet der Stadt Kirchheim unter Teck IN: Schriftenr. Stadtarch. Kirchheim 15 (Kirchheim 1992) 7-36; bes. 33"
241;"Baur/ Laskowski 1991";"M. Baur/ R. Laskowski, Mittelalterliche Siedlung im Bereich Röntgenstrasse Kirchheim unter Teck, Kreis Esslingen IN: Arch. Ausgr. Baden-Württemberg 1991 (Stuttgart 1992) 288-290"
242;"Jacob 1995";"Ch. Jacob, Metallgefäße der Bronze- und Hallstattzeit in Nordwest-, West- und Süddeutschland (Stuttgart 1995)"
243;"Föhr/ Mayer 1892";"J. von Föhr/ L. Mayer, Hügelgräber auf der schwäbischen Alb (Stuttgart 1892)"
244;"Schmidt 1912";"R.R. Schmidt, Die diluviale Vorzeit Deutschlands (Stuttgart 1912)"
245;"Adam 1977";"K. D. Adam, Prähistorische Funde im Heppenloch bei Gutenberg (Württemberg 1977)"
246;"Breuer 2000";"E.Breuer, Römer am nördlichen Bodensee. Eriskirch und seine Umgebung in römischer Zeit. 2000."
247;"Kley/ Schreg 1992";"A. Kley/ R. Schreg, Vor- und Frühgeschichte von Geislingen und Umgebung. Scherben schreiben Geschichte. Begleitheft zur 8. Geislinger Weihnachtsausstellung (Geislingen a.d. Steige 1992)."
248;"Planck 1973";"Vor- und Frühgeschichte. In: Der Kreis Göppingen (Stuttgart, Aalen 1973) 15-31."
249;"S. Kurz 1987";"S. Kurz, Nachhallstattzeitliche Funde aus dem Grabhügelfeld vom Burrenhof. In: J. Rehmet (Hrsg.), Opuscula [Festschr. F. Fischer]. Tübinger Beitr. Vor- u. Frühgesch. 2 (Tübingen 1987) 101 ff."
250;"Klug-Treppe 2001";"J. Klug-Treppe, Ein hallstattzeitlicher Keramikfundplatz bei Unterbaldingen, Gde. Bad Dürrheim, Schwarzwald-Baar-Kreis. In: J. Biel (Hrsg.), Arch. Ausgr. Baden-Württemberg 2001(Stuttgart 2002) 64-66."
251;"Wesselkamp 1993";"G. Wesselkamp, Die bronze- und hallstattzeitlichen Grabhügel von Oberlauchingen, Kr. Waldshut (Stuttgart 1993)."
252;"Bersu 1913";"G. Bersu, Die Lenensburg im Argental OA Tettnang, FuBerSchwab 21, 1913"
253;"Dehn 1981";"R.Dehn, Ein hallstattzeitliches Grabhügelfeld von Überauchen Gde. Brigachtal, schwarzwald-Baar-Kreis, In: D. Planck (Hrsg.) Arch. Ausgr. Baden-Württemberg 1981 (Stuttgart 1982), 73-76."
254;"Klug-Treppe 1997";"J. Klug-Treppe, Urnenfelder- und hallstattzeitliche Grabbefunde in Bräunlingen, Schwarzwald-Baar-Kreis, In: J. Biel (Hrsg.), Arch. Ausgr. Baden-Württemberg 1997 (Stuttgart 1998), 53-54."
425;"Fingerlin 1969";"G. Fingerlin, Flurbereinigung und Bodendenkmalpflege. Arch. Nachr. Baden 2, 1969, 5–15."
255;"Humpert 1952";"T. Humpert, Die Ödung Lanzenhofen bei Meersburg. Heimatkundl. Mitt. D. Bodenseegeschichtsver. 17 (1952)"
256;"Deecke/Schmidle 1927";"W. Schmidle - W. Deecke, Über einige Prähistorische Refugien im südöstlichen Baden. FuBerBadWürt 7, 1927"
257;"Schuster 1908";"E. Schuster, Die Burger und Schlösser Badens. Karlsruhe o.J. (1908)"
258;"Stork 1983";"I. Stork, Vorgeschichtliche Siedlungen in Bad Mergentheim, Main-Tauber-Kreis. In: Archäologische Ausgrabung in Bad.-Württ. 1983.(Stuttgart 1984), 76-79."
259;"Wagner 1885";"E. Wagner, Hügelgräber und Urnenfriedhöfe in Baden. (1885)"
260;"Miller 1885";"Miller, Schriften der Bodenseegeschichte XIV (1885)"
261;"Tröltsch 1902";"E. v. Tröltsch, Die Pfahlbauten des Bodenseegebietes (1902)"
262;"Jockenhövel 1971";"A. Jockenhövel, Prähistorische Bronzefunde VIII, Band 1 (München 1971)"
263;"Braasch u.a. 1994";"D. Planck, O. Braasch, J. Oexle, H. Schlichtherle, Unterirdisches Baden-Württemberg. 250.000 Jahre Geschichte und Archäologie im Luftbild (Stuttgart 1994)"
264;"Schreg 1994";"R. Schreg, Die alamannische Besiedlung des Geislinger Talkessels. (Markungen Altenstadt und Geislingen, Stadt Geislingen a.d. Steige, Lkr. Göppingen)In: Fundber. Baden-Württemberg 23 (Stuttgart 1993) 385-617"
265;"Keefer 1988";"E. Keefer, Eine jungsteinzeitliche Siedlung der Schussenrieder Kultur (Stuttgart 1988)"
266;"Mildenberger 1978";"G. Mildenberger, Germanische Burgen (Münster 1987)"
267;"Navarro 1972";"J.M. Navarro, The Finds from the Site of La Tene. Swords and scabbards (London 1972)"
430;"Zürn/Herrmann 1966";"H. Zürn/H.-V. Herrmann, Germania 44, 1966, 74 ff."
543;"OAB Horb 1865";""
426;"Wamser 1970";"L. Wamser, Der Bernetbuck bei Oberrimsingen. Arch. Nachr. Baden 4, 1970, 13–17."
268;"Kirschmer 1952";"K. Kirschmer, Die Geschichte der Stadt Göppingen: Teil II (Göppingen 1952)"
269;"Nübling  1983";"V. Nübling, Grabhügeluntersuchungen bei Grüningen, Stadt Donaueschingen, Schwarzwald-Baar-Kreis. In: D. Planck (Hrsg.) Arch. Ausgr. in Baden-Württemberg 1983 (Stuutgart 1984) 96-97."
270;"Schmid 1992";"B. Schmid, Die urgeschichtlichen Funde und Fundstellen der Baar : eine Auswertung des Bestandes. In: Schäuble (Hrsg), Altertumswissenschaften 12 (Rheinfelden 1992)."
271;"Cowen 1967";"J.D. Cowen, The Hallstatt Sword of Bronze: on the Continent and in Britain. In: Proc. Prehist. Soc. 33 (London 1967) 377-454"
272;"Schauer 1971";"P. Schauer, Die Schwerter in Süddeutschland, Österreich und der Schweiz I. Prähist. Bronzefunde IV, 2 (München 1971)"
273;"Haug/ Sixt 1914";"F. Haug/G. Sixt, Die römischen Inschriften und Bildwerke Württembergs (Stuttgart 1914)"
274;"FMRD II 4";"M.Radnoti-Alföldi/H.M. von Kaenel (Hrsg.), Die Fundmünzen der römischen Zeit in Deutschland, Abt. II Band 4 (Stuttgart 1964)"
275;"Binder 1977";"H. Binder, Höhlenführer Schwäbische Alb (Stuttgart,Aalen 1977)"
276;"Buhrin 1972";"E. Buhrin, Der Weinort Auggen (Auggen 1972)"
277;"Oeftiger 1984";"C. Oeftiger, Mehrfachbestattungen im Westhallstattkreis: zum Problem der Totenfolge (Bonn 1984)."
278;"Steffen 2009";"steffen bla bla bla test xxxxxx"
279;"OAB Calw 1860";"Beschreibung des Oberamtes Calw (Stuttgart 1860)."
280;"Hertlein 1912";"F. Hertlein, Die Altertümer des Oberamts Heidenheim. Die Altertümer im Königreich Württemberg, Heft 2: Jagstkreis, Oberamt Heidenheim (Esslingen 1912)"
281;"Beck 1930";"A. Beck, Chronik von Darmsheim (Böblingen 1930)"
282;"Leinthaler 2003";"B. Leinthaler, Eine ländliche Siedlung des frühen Mittelalters bei Schnaitheim, Lkr. Heidenheim (Stuttgart 2003)"
283;"Sölch 2001";"R. Sölch, Die Topographie des römischen Heidenheim. Forsch. u. Berichte Vor- u. Frühgesch. Baden-Württemberg 76 (Stuttgart 2001)"
284;"Rabold 1994a";"B. Rabold, Archäologische Ausgrabungen in Heidenheim während der 80er und früher 90er Jahre. Ein Überblick In: Jahrbuch des Heimat- und Altertumsvereins Heidenheim an der Brenz 5 (Heidenheim 1993/1994) 44-70"
285;"Rabold 1994b";"B. Rabold, Ein ""Schmiedefund"" aus der römischen Zivilsiedlung in Heidenheim/Brenz In: Denkmalpflege in Baden-Württemberg 23 (Stuttgart 1994) 13-18"
286;"Rabold 1992";"B. Rabold, Die römische Zivilsiedlung von Heidenheim - Ausgrabung ""Friedrichstrasse"" In: Archäologische Ausgrabungen in Baden-Württemberg. Bodendenkmalpflege in den Reg.-Bez. Stuttgart und Tübingen 1992 (Stuttgart 1992) 148-154"
287;"Balle 2000";"G. Balle, Neues zum Reiterkastell Heidenheim In: Arch. Ausgrabungen Baden-Württemberg 2000 (Stuttgart 2000) 90-94"
288;"Cichy 1971";"B. Cichy, Das römische Heidenheim (Heidenheim 1971)"
289;"Filtzinger/Planck/Cämmerer 1986";"P. Filtzinger/ D. Planck/ B. Cämmerer, Die Römer in Baden-Württemberg (Stuttgart 1986)"
290;"Heiligmann 1990";"J. Heiligmann, Der ""Alb-Limes"": ein Beitrag zur römischen Besetzungsgeschichte Südwestdeutschlands (Stuttgart 1990)"
162;"OA Stuttgart";"Ortsakten des Landesamtes für Denkmalpflege (Esslingen)"
164;"OA Karlsruhe";"Ortsakten des Landesamtes für Denkmalpflege (Karlsruhe)"
165;"OA Freiburg";"Ortsakten des Landesamtes für Denkmalpflege (Freiburg)"
163;"OA Tübingen";"Ortsakten des Landesamtes für Denkmalpflege (Tübingen)"
291;"Wieland 1999";"G. Wieland, Keltische Viereckschanzen. Einem Rätsel auf der Spur (Stuttgart 1999)"
292;"Krumland 1998";"J. Krumland, Die bronzezeitliche Siedlungskeramik zwischen Elsass und Böhmen: Studien zur Formenkunde und Rekonstruktion der Besiedlungsgeschichte von Nord- und Südwürttemberg In: Internationale Archäologie 49 (Rahden/Westfalen 1998)"
431;"Menzel 1995";"P. Menzel, Archäologische Untersuchungen an eisenzeitlichen Höhensiedlungen im mittleren Neckarland. Arch. Ausgr. Baden-Württemberg 1995 (1996) 112-117."
293;"Abels 1972";"B.U. Abels, Die Randleistenbeile in Baden-Württemberg, dem Elsaß, der Franche Comté und der Schweiz (München 1972)"
294;"Goessler/Veeck 1927";"P. Goessler/W. Veeck, Museum der Stadt Ulm. Verzeichnis der vor- und frühgeschichtlichen Altertümer. Ulmer Schriften zur Kunstgeschichte, Band 3 (Ulm 1927)"
295;"Heinzelmann/Jantschke 1983";"P. Heinzelmann/H. Jantschke, Zwei neue Höhlen im Stadtgebiet von Heidenheim In: Jahrbücher des Heimat- und Altertumsvereins Heidenheim e. V. 1989/1990 (Heidenheim 1990)"
296;"Kraft 1926";"G. Kraft, Siedlungen der mittleren Hallstattzeit auf der Schwäbischen Alb In: Prähistorische Zeitschrift (17) (Berlin 1926)"
297;"Goller 1972";"K. Goller, Die Rössener Kultur in ihrem südwestlichen Verbreitungsgebiet. In: Schwabedissen, Hermann (Hrsg.), Die Anfänge des Neolithikums vom Orient bis Nordeuropa. Teil V a: Westliches Mitteleuropa. Fundamenta A, 3 (Köln 1972) 231-269"
298;"Dehn/Stöllner 1996";"W. Dehn/Th. Stöllner, Fußpaukenfibel und Drahtfibel (Marzabottofibel) − ein Beitrag zum kulturhistorischen Verständnis des 5. Jh. in Mitteleuropa. In: Th. Stöllner (Hrsg.), Europa celtica. Untersuchungen zur Hallstatt- und Latènekultur. Veröffentl. Vorgesch. Semin. Marburg Sonderb. 12 (Marburg 1996) 1−54"
299;"Liebschwager 1972";"C. Liebschwager, Zur Frühlatènekultur ind Baden-Württemberg In: Archäologisches Korrespondenz 2 (Mainz 1972)143-148"
300;"Logemann 1993";"H. Logemann, Die Marzabotto-Fibel und ein Exkurs in die Frühlatèneproblematik In: Ethnographisch-Archäologische Zeitschrift 34 (Berlin 1993) 385-399"
301;"Brun/Chaume 1997";"P. Brun u. B. Chaume, Vix et les éphémères principautés celtiques. Actes du Colloque de Chatillon-s.-Seine 1993 (Paris 1997)."
302;"Janski 1985";"G. Janski, Untersuchungen zur Bestattungssitte während der Hallstatt- und Latènezeit im Gebiet des südlichen Oberrheingrabens (Dissertation Freiburg 1985)."
303;"Röder 1995";"B. Röder, Frühlatènekeramik aus dem Breisgau: ethnoarchäologisch und naturwissenschaftlich analysiert. Materialhefte zur Archäologie in Baden-Württemberg 30 (Stuttgart 1995)."
435;"Kimmig 1988";"# W. Kimmig, Das Kleinaspergle. Studien zu einem Fürstengrabhügel der frühen Latènezeit bei Stuttgart. Forsch. u. Ber. Vor- u. Frühgesch. Baden-Württemberg 30 (Stuttgart 1988)."
437;"Planck 2005";"D. Planck (Hrsg.), Die Römer in Baden-Württemberg (Stuttgart 2005)"
305;"Maise 2001";"Ch. Maise, Zur Untergliederung der Stufe Ha C/D1 im Breisgau. Festschrift G. Fingerlin. Fundber. Baden-Württemberg 25, 2001, 389-461."
306;"Garscha 1970";"F. Garscha, Die Alamannen in Südbaden. Germanische Denkmäler der Völkerwanderungszeit 11 (Berlin 1970)."
307;"Maise 1995";"C. Maise, Eine Pferdebestattung der Frühlatènezeit und hallstattzeitliche Siedlungsreste in Forchheim, Kreis Emmedingen. 110-112
In: Archäologische Ausgrabungen in Baden-Württemberg 1995 (Stuttgart 1996)."
308;"Maise 1993";"C. Maise, Siedlungsfunde der Hallstattzeit von Forchheim, Kreis Emmendingen. 102-106
In: Archäologische Ausgrabungen in Baden Württemberg 1993 (Stuttgart 1994)."
309;"Behrens 1916";"G. Behrens, Bronzezeit in Süddeutschland. Kataloge des Römisch-Germanischen Zentralmuseums 6 (Mainz 1916)."
310;"Weber 1990";"G. Weber, Neue latènezeitliche Funde aus Villingen. 3-6
In: Archäologische Nachrichten aus Baden 44 (Freiburg i. Br. 1990)."
311;"Klug 1985";"J. Klug, Hallstattzeitliche Höhensiedlungen im Breisgau. 188-192
In: Denkmalpflege in Baden-Württemberg 14 (Leinfeld-Echterdingen 1985)."
427;"Huggle/Rödling 1996";"U. Huggle & U. Rödling (Hrsg.), Unsere Heimat Buchenbach. Vom Kirchspiel zur Gemeinde (Buchenbach 1996)."
313;"Schuhmacher-Festschrift 1930";"Direktion des Römisch-Germanischen Zentralmuseums in Mainz (Hrsg.), Schumacher-Festschrift. Zum 70. Geburtstag Karl Schumachers, 14. Oktober 1930 (Mainz 1930)."
314;"Dehn/Fingerlin 1981";"Dehn & Fingerlin, Ausgrabungen der archäologischen Denkmalpflege Freiburg im Jahr 1980. Arch. Nachr. Baden 26 (Freiburg 1981)."
315;"Weber-Jenisch 1995";"G. Weber-Jenisch, Der Limberg bei Sasbach und die spätlatènezeitliche Besiedlung des Oberrheingebietes. Materialhefte zur Archäologie in Baden-Württemberg 29 (Stuttgart 1995)."
316;"Grimmer-Dehn 1991";"B. Grimmer-Dehn, Die Urnenfelderkultur im südöstlichen Oberrheingraben. Materialhefte zur Vor- und Frühgeschichte in Baden-Württemberg 15 (Stuttgart 1991)"
312;"Bleich 1995";"K. E. Bleich, Bodenumlagerung in prähistorisch besiedelten Landschaften Süd­deutsch­lands. In: J. Biel (Hrsg.), Anthropogene Landschafts­veränderungen im prähistorischen Südwestdeutschland. Archäologische Informationen aus Baden-Württemberg 30 (Stuttgart 1995) 15-20."
432;"Rademacher/Schwarzkopf";"R. Rademacher/K. Schwarzkopf, Ein vorgeschichtlicher Lesefundkomplex vom Hohenasperg bei Asperg, Kreis Ludwigsburg. Ach. Korr. 25, 1995, 373-390."
176;"Bittel/Schiek/Müller  1990";"Kurt Bittel/Siegwalt Schiek/Dieter Müller, Die keltischen Viereckschanzen (Stuttgart 1990)."
304;"Dehn 1983";"R. Dehn, Grabhügel im Umland des Magdalenenbergles. Archäologische Nachrichten aus Baden 31. In: Förderkreis Archäologie in Baden e. V. (Freiburg i. Br. 1983)  36-40."
317;"Paret 1924";"O. Paret, Die Grabhügel im Hohenloher Land. Fränkische Heimat 3/4, 1924, 91-98."
318;"Fischer 1967";"F. Fischer, Alte und neue Funde der Latène-Periode in Württemberg. Fundberichte Schwaben N.F. 18/I, 1967, 61 ff."
319;"Schumacher 1932";"K. Schumacher, Siedlungs- und Kulturgeschichte aus dem Tauberland. In: Württembergische Vergangenheit. Festschrift Württ. Gesch. – und Altertumsverein. (1932) 5."
320;"Kronenwett 1990";"H. Kronenwett, Die vorgeschichtliche Besiedlung des Nagolder Beckens auf Grund archäologischer Zeugnisse (Tübingen: unpubl. Magisterarb. 1990)."
321;"Behrends 1986";"R.-H. Behrends, Die vor- und frühgeschichtliche Besiedlung des Nagolder Beckens. Der Landkreis Calw. Ein Jahrbuch 4, 1986, 41-53."
322;"Wagner 2006";"H. Wagner, Glasschmuck der Mittel- und Spätlatènezeit am Oberrhein und an den angrenzenden Gebieten. Ausgrabungen und Forschungen Bd. 1 (Remshalden 2006)."
323;"Westphal 1953";"F. Westphal, Der Nimberg bei Freiburg i. Br. (Freiburg: unpubl. Diplomarbeit 1953)."
324;"Klug 1990";"J. Klug, Ein Siedlungsbefund aus einer hallstattzeitlichen Siedlung in Hochdorf, Stadt Freiburg. In: Archäologische Ausgrabungen in Baden-Württemberg 1989 (Stuttgart 1990) 99-103."
325;"Dehn 1994";"R. Dehn, Ein späthallstattzeitliches Fürstengrab von Ihringen, Kreis Breisgau-Hochschwarzwald. In: Archäologische Ausgrabungen in Baden-Württemberg (Stuttgart 1994) 109-112."
326;"Dehn 2000";"R. Dehn, Hügel 6 des Grabhügelfeldes im Gewann ""Nachtwaid-Ried"", Ihringen/Gündlingen, Kreis-Breisgau-Hochschwarzwald. In: Archäologische Ausgrabungen in Baden-Württemberg 1999 (Stuttgart 2000) 57-59."
327;"Dehn 1995";"R. Dehn, Das Grab einer ""besonderen Frau"" der Frühlatènezeit von Gündlingen, Stadt Breisach, Kreis Breisgau-Hochschwarzwald. In: Archäologische Ausgrabungen in Baden-Württemberg 1994 (Stuttgart 1995) 92-94."
328;"Gutmann 1917";"K. S. Gutmann, Keltisch-helvetische Siedlung von Hochstetten. Germania 1, 1917, 71-78."
329;"Schumacher 1900";"K. Schumacher, Vorgeschichtliches vom Tuniberg und von dessen Umgebung. In: Schau-ins-Land 27, 1900, 13-22."
330;"FMRD II 3";"M. Radnoti-Alföldi/ H,-M. von Kaenel (Hrsg.), Die Fundmünzen der römischen Zeit in Deutschland, Abt. II Band 3 (Stuttgart 1964)."
331;"Kraft/Rest 1936";"G. Kraft/ W. Rest, Der Hallstattgrabhügel von Schlatt U. Staufen. In: Badische Fundberichte 3, 1936, 406-421."
332;"Steuer/Vollmer 1991";"H. Steuer/ U. Vollmer, Eine hallstattzeitliche befestigte Höhensiedlung auf dem Zähringer Burgberg, Gemeinde Gundelfingen, Kreis Breisgau-Hochschwarzwald. In: Archäologische Ausgrabungen in Baden-Württemberg 1991 (Stuttgart 1992) 93-97."
333;"Bender/Pauli/Stork 1993";"H. Bender/ L. Pauli / I. Stork, Der Münsterberg in Breisach II. Hallstatt- und Latènezeit. 
Münchner Beitr. Vor- u. Frühgeschichte Band 40 (München 1993)."
334;"Paulus 1882";"E. Paulus, Archäologische Karte von Württemberg (Stuttgart 1882)."
335;"Wendling 2005";"H. Wendling, Neues aus Tarodunum. Ausgrabungen in der mittel- und spätlatènezeitlichen Großsiedlung von Kirchzarten-Zarten „Rotacker“, Kreis Breisgau-Hochschwarzwald. In: Archäologische Ausgrabungen in Baden-Württemberg 2004 (München 2005) 107-110."
336;"Giessler 1950";"R. Giessler, Untersuchungen zur frühen und älteren Latènezeit am Oberrhein und in der Schweiz. In: Ber. RGK 32, 1950, 20-115."
337;"Böhm 1936";"J. Böhm, Spätbronzezeitliche Scheibenkopfnadeln aus Böhmen. Germania 20, 1936, 9-18."
338;"Halder 1986";"P. Halder, Ahnenliste Halder(I) und Stammtafel (1179-1400)(Gruibingen 1986)"
339;"Valde-Nowak 2002";"P. Valde-Nowak, Siedlungsarchäologische Untersuchungen zur neolithischen Nutzung der mitteleuropäischen Gebirgslandschaften (Leidorf 2002)"
438;"Wagner 1879";"E. Wagner, unveröffentlichtes Manuskript im Bad. Landesmuseum Karlsruhe (unpubl. 1879)."
340;"Dürrschnabel/Dürrschnabel 1974";"A. Dürrschnabel/H. DÜrrschnabel, Höhlen im Eselsburger Tal 7326. Laichinger Höhlenfreund Heft 18 (Laichingen 1974) 7-10"
341;"Reif/Böhm 1995";"W. Reif/M. Böhm, Die Eisenerze und ihre Gewinnung im Bereich der östlichen und im Vorland der mittleren schwäbischen Alb. In:
Beitr. zur Eisenverhüttung auf der schwäbischen Alb, Forsch. u. Ber. zur
Vor- und Frühgesch. Baden-Württ. 55 (Stuttgart 1995) 15-36."
342;"Mäckel/Friedmann 1998";"R. Mäckel & A. Friedmann (Hrsg.), Wandel der Geo-Biosphäre in den letzten 15000 Jahren im südlichen Oberrheintiefland und Schwarzwald. Freiburger Geogr. Hefte 54 (Freiburg i. Br. 1998)."
343;"Biel 1977a";"J. Biel, Der Buigen bei Herbrechtingen und seine vorgeschichtlichen Befestigungen. Kulturdenkmale in Baden-Württemberg. Kleine Führer 33 (Stuttgart
1977)"
344;"Biel 1978";"J. Biel, Der keltische Friedhof von Giengen an der Brenz. In: 900 Jahre Giengen an der Brenz. Beiträge zur Stadtgeschichte (Giengen an der Brenz 1978) 6-9"
345;"Goessler 1909";"P. Goessler, Von der Ringwallforschung in Württemberg. Blätter des Schwäb. Albvereins
21, 1909, 401"
346;"Jockenhövel 1982";"A. Jockenhövel, Jungbronzezeitlicher Burgenbau in Süddeutschland. In: Beiträge zum bronzezeitlichen Burgenbau in Mitteleuropa (Berlin/Nitra 1982) 253-272"
347;"Paulus 1878";"E. v. Paulus, Ausgrabungen, Entdeckungen und Restaurationen in den Jahren 1876 und 1877. Württembergische Vierteljahreshefte für Landesgeschichte I, 1878, 35-43"
348;"Schall 1964";"K. Schall, Über die Entwicklung des vorgeschichtlichen Befestigungswesens in  Mittel- u. Westeuropa, Teil I und II. Dissertation Tübingen (Stuttgart, 1964)"
349;"Schneider 1962";"F. Schneider, In vor- und Frühgeschichtlicher Zeit. In: Heimatbuch des Kreises Heidenheim (Heidenheim a. d. Brenz 1962) 65-75"
350;"Schumacher 1899";"K. Schumacher, Die Schwertformen Südwestdeutschlands. Fundber. Schwaben 7, 1899, 11-25"
351;"Seewald 1974";"C. Seewald, Urgeschichtliche Funde um Herbrechtingen. In: Bürgermeisteramt Hebrechtingen (Hrsg.) Herbrechtingen - 1200 Jahre (Gerlingen 1974) 40-48"
352;"Albrecht 1984a";"G. Albrecht, Der steinzeitliche Fundplatz Malerfels I und ein Merkmalsystem für geometrische Mikrolithen. In: J. Hahn, Die steinzeitliche Besiedlung des Eselsburger Tales bei Heidenheim (Schwäbische Alb). Forsch. u. Ber. zur Vor- u. Frühgesch. in Baden-Württemberg 17, Stuttgart 1984, 90-122"
353;"Albrecht 1984b";"G. Albrecht, Zwei Sammlungen von Silexartefakten vom Abri ""Klemmer"" im Eselsburger Tal. In: J. Hahn, Die steinzeitliche Besiedlung des Eselsburger Tales bei Heidenheim (Schwäbische Alb). Forsch. u. Ber. zur Vor- u. Frühgesch. in Baden-Württemberg 17, Stuttgart 1984, 148"
354;"Biel 1974a";"J. Biel, Ein mittellatènezeitliches Brandgräberfeld in Giengen an der Brenz, Kreis Heidenheim. Arch. Korrbl. 4, 1974, 225-227"
355;"Biel 1974b";"J. Biel, Zur neolithischen Besiedlung der Schwäbischen Alb. Fundber. Baden-Württemberg 1, 1974, 53-64"
356;"Heinzelmann 1979";"P. Heinzelmann, Vorund Frühgeschichte. In: R. Würz (Hrsg.), Der Kreis Heidenheim (Stuttgart/Aalen 1979), 71-94"
357;"Kälberer 1931";"O. Kälberer, Oskar Kälberer, Eine vorgeschichtliche Siedlungsstätte im Eselsburger Tal. Der Heydekopf 4/12 (Beilage zum Heidenheimer Grenzboten), 1931, 92-95"
358;"Schröter 1984";"P. Schröter, Frühneolithische Fundstellen im Eselsburger Tal. Ein Beitrag zur Besiedlung der Schwäbischen Alb im älteren Neolithikum. In: J. Hahn, Die steinzeitliche Besiedlung des Eselsburger Tales bei Heidenheim (Schwäbische Alb). Forsch. u. Ber. zur Voru. Frühgesch. in Bad.-Württ. 17, Stuttgart 1984, 152-159"
359;"Peters 1931";"E. Peters, Altsteinzeitliche Höhlenfunde. Nachrichtenblatt für Deutsche Vorzeit 7, 1931, 176"
360;"Bittel 1925";"K. Bittel, Eine vorgeschichtliche Befestigung bei Herbrechtingen. Der Heydekopf 2/7 (Beilage zum Heidenheimer Grenzboten) 1925, 55-56"
361;"Fischer 1983";"F. Fischer, Die befestigte Siedlung auf dem ""Radberg"" bei Herbrechtingen, Kreis Heidenheim. In: Archäologische Ausgrabungen in Baden-Württemberg 1982, Stuttgart 1983, 78-79"
362;"Fischer 1984";"F. Fischer, Die befestigte Siedlung auf dem ""Radberg"" bei Herbrechtingen, Kreis Heidenheim. In: Archäologische Ausgrabungen in Baden-Württemberg 1983, Stuttgart 1984, 87-88"
363;"Fischer 1987";"F. Fischer, Die befestigte Siedlung auf dem ""Radberg"" bei Herbrechtingen, Kreis Heidenheim. Archäologische Ausgrabungen in Baden-Württemberg 1986, Stuttgart, 1987, 83-84"
364;"Klein 1985";"F. Klein, Siedlungsfunde der ausgehenden Späthallstatt- und frühen Latènezeit aus Württemberg. Ungedr. Diss. Tübingen 1985. Die Arbeit ist seit Juli 2004 publiziert im Internet (E-Publikationen der UB Tüb.)"
365;"Hahn 1984a";"J. Hahn, Einleitung. In: J. Hahn, Die steinzeitliche Besiedlung des Eselsburger Tales bei Heidenheim (Schwäbische Alb). Forsch. u. Ber. zur Vor- u. Frühgesch. in Baden-Württemberg 17, Stuttgart 1984, 13-20"
366;"Hahn 1984b";"J. Hahn, Altsteinzeitliche Einzelfunde. In: J. Hahn, Die steinzeitliche Besiedlung des Eselsburger Tales bei Heidenheim (Schwäbische Alb). Forsch. u. Ber.789
zur Vor- u. Frühgesch. in Baden-Württemberg
17, Stuttgart 1984, 149-151"
367;"Heinzelmann 1983";"P. Heinzelmann, Kurzbiografien. In: Höhlen-
Interessengemeinschaft Ostalb (Hrsg.), Höhlen im Kartenblatt 7327 Giengen a. d. Brenz. Materialhefte zur Karst- und Höhlenkunde 2, Oberkochen 1983, 36-43"
368;"Heyd 2000";"V. Heyd, Die Spätkupferzeit in Süddeutschland. Untersuchungen zur Chronologie von der ausgehenden Mittelkupferzeit bis zum Beginn der Frühbronzezeit im süddeutschen Donaueinzugsgebiet und den benachbarten Regionen bei besonderer Berücksichtigung der keramischen Funde. Saarbrücker Beiträge zur Altertumskunde 73 (Bonn 2000)"
369;"Schröter/Schröter 1974";"R. Schröter/P. Schröter, Bemerkungen zur Südfazies der Schussenrieder Gruppe. Arch. Korrbl. 1, 1971, 149-153"
370;"Spatz 1996";"H. Spatz, Beiträge zum Kulturenkomplex Hinkelstein – Großgartach – Rössen. Der keramische Fundstoff des Mittelneolithikums aus dem mittleren Neckarland und seine zeitliche Gliederung. Materialh. z. Arch. in Bad.-Württ. 37 (Stuttgart 1996)"
371;"Stroh 1940";"A. Stroh, Die Rössener Kultur in Südwestdeutschland. Ber. RGK 28, 1938 (1940), 8-179"
372;"Bay 1988";"F. Bay, Hürben in vor- und frühgeschichtlicher Zeit. In: Hürbener Heimatbuch (Hürben 1988) 113-123"
373;"Davis 1975";"F. D. Davis, Die Hornsteingeräte des älteren und mittleren Neolithikums im Donauraum zwischen Neuburg und Regensburg. Bonner H. Vorgesch. 10, 1975"
374;"Kettner 1975";"W. Kettner, Die archäologischen Fundstellen im Raum Giengen an der Brenz. Ein Beitrag zum Europäischen Denkmalschutzjahr 1975. Aus alten Zeiten Band 2 (1975). Unpubliziert"
375;"Wischenbarth 1995";"P. Wischenbarth, Spätmesolithische und linearkeramische Funde der Riß-Lech-Platte und deren Interpretation. Germania 73, 1995, 1-40"
376;"Binder 1989";"H. Binder, Höhlenführer Schwäbische Alb. Höhlen, Quellen, Wasserfälle (Stuttgart 1989)"
377;"Klein 1988";"F. Klein, Die frühe und mittlere Latènezeit in Württemberg. Forschungsgeschichte und Forschungsstand. In: Dieter Planck (Hrsg.), Archäologie in Württemberg. Ergebnisse und Perspektiven archäologischer Forschung von der Altsteinzeit bis zur Neuzeit (Stuttgart 1988) 215-234"
378;"Seckler/Werner 1968";"A. Seckler/K. Werner, Junge Stadt Oberkochen – Ausgangspunkt einer historischen Betrachtung (Aalen 1968)"
379;"Gaus 1906";"E. Gaus, Heidenheim und seine Umgebung (1906)"
380;"Hedinger 1900";"A. Hedinger, Keltische Hügelgräber im nordöstlichen Württemberg. Fundber. Schwaben 8, 1900, 59-67"
381;"Gradmann 1913";"E. Gradmann, Die Kunst- und Altertums-Denkmale im Königreich Württemberg. Inventar, 49./52. Lieferung: Jagstkreis, Oberamt Heidenheim (Eßlingen a. N. 1913)"
382;"Kempa 1995";"M. Kempa, Die Verhüttungsplätze. In: Beiträge zur Eisenverhüttung auf der Schwäbischen Alb. Forsch. u. Ber. zur Vor- u. Frühgesch. in Baden-Württemberg 55, Stuttgart 1995, 147-192"
383;"Kettner/Binder 1974";"W. Kettner/H. Binder, Kurze Geschichte von Giengen an der Brenz. Kleiner Führer zu den Exkursionen der 16. Jahrestagung des Verbandes der Deutschen Höhlen- und Karstforscher e.V., München, vom 27. bis 29.9.1974 in Giengen a. d. Brenz, Krs. Heidenheim. Kleine Schriften zur Karst- und Höhlenkunde 15, 1974, 7-8"
384;"Kimmig 1973";"W. Kimmig, Vorgeschichte zwischen Neckar und Nördlinger Ries. Ein Überblick. Württembergisch Franken 57, 1973, 207-278"
385;"Cloß u.a. 2000";"H.-M. Cloß u.a., Der Landkreis Heidenheim II: Gemeindebeschreibungen – Giengen an der Brenz bis Steinheim am Albuch Stuttgart 2000)"
386;"Müller-Karpe 1961";"H. Müller-Karpe, Die Vollgriffschwerter der Urnenfelderzeit aus Bayern (München 1961)"
387;"Gaus 1904";"E. Gaus, Aus der Heidenheimer Altertumssammlung. Blätter des Schwäb. Albvereins 16, 1904, 430"
388;"Kreutle 1988";"R. Kreutle, Spätbronzezeit und Urnenfelderzeit in Württemberg. Geschichte und Ergebnisse der Forschung zu den Stufen Bronzezeit D sowie Hallstatt A und B. In: Dieter Planck (Hrsg.), Archäologie in Württemberg. Ergebnisse und Perspektiven archäologischer Forschung von der Altsteinzeit bis zur Neuzeit (Stuttgart 1988) 171-197"
389;"Kempa 1995b";"M. Kempa, Die Ausbeutung der Erzlagerstätten in vor- und frühgeschichtlicher Zeit. In: Beiträge zur Eisenverhüttung auf der Schwäbischen Alb. Forsch. u. Ber. zur Vor- u. Frühgesch. in Baden-Württemberg 55, Stuttgart 1995, 311-336"
390;"Stich 2002";"U. Stich, Ur- und frühgeschichtliche Siedlungsreste in Hermaringen, Flur ""Berger Steig"", Kreis Heidenheim. Arch. Ausgr. Bad.-Württ. 2001 (2002), 159-160"
391;"Wieland 1997";"G. Wieland, Vorgeschichtliche und frühalamannische Siedlungsreste bei Hermaringen, Kreis Heidenheim. Arch. Ausgr. in Bad.-Württ. 1996 (1997), 200-203"
392;"Mall 1962";"E. Mall, Königsbronn. In: Heimatbuch des Kreises Heidenheim (Heidenheim a. d. Brenz 1962) 482-488"
393;"Weimert 2001";"H. Weimert, Vor- und Frühgeschichte im Kreis Heidenheim. In: Blickpunkt Museum Schloß Hellenstein Heidenheim. Jubiläumsband zum 100jährigen Bestehen des Heimat- und Altertumsvereins Heidenheim und des Museums Schloß Hellenstein im Jahr 2001 (Heidenheim 2001) 40-47"
394;"Gaus 1907";"E. Gaus, Vom alten Heidenheim. Blätter des Schwäb. Albvereins 19, 1907, 200-201"
395;"Fröscher 1922";"Fröscher, Nattheim und seine nähere Umgebung (Heidenheim a. d. Brenz 1922)"
396;"Oeftinger 1988";"C. Oeftinger, Vor- und frühgeschichtliche Befestigungen. In: Dieter Planck (Hrsg.), Archäologie in Württemberg. Ergebnisse und Perspektiven archäologischer Forschung von der Altsteinzeit bis zur Neuzeit (Stuttgart 1988) 355-369"
397;"Gebhart/Kraft 1964";"H. Gebhart/K. Kraft (Hrsg.), Die Fundmünzen der römischen Zeit in Deutschland II, 4, (Berlin 1964)"
398;"Hertlein 1904";"F. Hertlein, Die geschichtliche Bedeutung der in Württemberg gefundenen Keltenmünzen. Fundber. Schwaben 12, 1904, 60-107"
399;"Ziegaus 1989";"B. Ziegaus, Der latènezeitliche Münzumlauf in Franken. Bayer. Vorgeschbl. 54, 1989, 69-135"
400;"Rath/Reuß 1857";"v. Rath/Reuß, Bericht über die bei Ober- und Niederstotzingen, Oberamts Ulm, befindlichen römischen Ueberreste. Verhandlungen des Vereins für Kunst und Alterthum in Ulm und Oberschwaben 11, 1857,
36-38"
401;"Stockinger 1966";"G. Stockinger, Geschichte der Stadt Niederstotzingen (Niederstotzingen 1966)"
402;"Fetzer 1984";"A. Fetzer, Die Frühzeit. In: Heimatbuch Sontheim an der Brenz. Was war und wurde. Die 2. Hälfte des 20. Jahrhunderts (Sontheim 1984) 1-12"
403;"Neuffer-Müller 1966";"C. Neuffer-Müller, Ein Reihengräberfriedhof in Sontheim an der Brenz (Kreis Heidenheim). Veröffentlichungen des Staatl. Amtes für Denkmalpflege Stuttgart Reihe A, Heft 11, Stuttgart 1966"
404;"Nuber 1983";"H.-U. Nuber, Römische Sanktuarien in Sontheim/Brenz Kreis Heidenheim. Arch. Ausgr. in Bad.-Württ. 1982 (1983), 124-127"
405;"Nuber/Seitz 1987";"H.-U. Nuber/G. Seitz, Ausgrabungen in Sontheim/Brenz, Kreis Heidenheim. Arch. Ausgr. in Bad.-Württ. 1986 (1987), 170-174"
406;"Nuber/Seitz 1995";"H.-U. Nuber/G. Seitz, Straßenstation Sontheim/Brenz-""Braike"", Kreis Heidenheim. Arch. Ausgr. in Bad.-Württ. 1994 (1995), 156-164"
407;"Kas/Schußmann 1998";"S. Kas/M. Schußmann, Einige Überlegungen zu den hallstattzeitlichen Herrenhöfen. In: B. Berthold u.a. (Hrsg.), Zeitenblicke. Ehrengabe für W. Janssen (Rhaden/Westf. 1998) 93-123"
408;"Reiff 1977";"W. Reiff, Der geologische Befund im Bereich der frühalamannischen Siedlung von Sontheim, Kr. Heidenheim. Fundber. Bad.-Württ. 3, 1977, 575-578"
409;"Planck 1975";"D. Planck, Eine frühalamannische Siedlung bei Sontheim i. St. (Gemeinde Steinheim a. A.), Kreis Heidenheim. Arch. Ausgr. 1974 (1975), 50-51"
410;"Planck 1976";"D. Planck, Frühalamannische Funde aus dem Heidenheimer Raum. In: Manfred Akermann (Hrsg.), 75 Jahre Heimat- und Altertumsverein Heidenheim 1901 – 1976 (Heidenheim 1976) 97-120"
411;"Planck 1977";"D. Planck, Eine frühalamannische Siedlung in Sontheim im Stubental, Kreis Heidenheim. Fundber. Bad.-Württ. 3, 1977, 539-574"
412;"Planck 1982";"D. Planck, Die römische Badeanlage von Heidenheim. Grabung 1981. Arch. Ausgr. in Bad.-Württ. 1981 (1982), 113-119"
428;"Paret 1930";"O. Paret, Eine kaiserzeitliche Siedlung bei Ingelfingen. Fundber. Schwaben 12, 1930-32, 39–43."
413;"Planck 1990";"D. Planck, Die Wiederbesiedlung der Schwäbischen Alb und des Neckarlandes durch die Alamannen. In: H.-U. Nuber/K. Schmid/H. Steuer/Th. Zotz (Hrsg.), Archäologie und Geschichte des ersten Jahrtausends in Südwestdeutschland. Freiburger Forsch. zum 1. Jt. in Südwestdeutschland 1, Sigmaringen 1990, 69-
96"
414;"Lindenschmit 1870";"L. Lindenschmit, Die Alterthümer unserer heidnischen Vorzeit II (Mainz 1870)"
415;"Burckart 1976";"W. Burckhart, Pforzheim und der Enzkreis. Heimat und Arbeit (Stuttgart; Aalen 1976)."
416;"OAB Maulbronn 1870";"Beschreibung des Oberamtes Maulbronn (Stuttgart 1870)."
417;"Quast 1992";"D. Quast, Zwei Grabhügel der späten Urnenfelderzeit aus Illingen, Enzkreis. In: Funber. Baden-Württemberg 17/1 (Stuttgart 1992) 307-326."
418;"Heide 2001";"B. Heide, Das ältere Neolithikum im westlichen Kraichgau. Internationale Archäologie 53 (Leidorf 2001)."
419;"Liebschwager 1967";"Ch. Liebschwager, Die Gräber der Frühlatènekultur in Baden-Würrtemberg (Freiburg 1969)."
420;"Castelin/Kellner 1963";"K. Castelin/H.-J. Kellner, Die glatten Regenbogenschüsselchen. In: Jahrbuch für Numismatik und Geldgeschichte 13 (München 1963) 105-130."
421;"Klein 1984";"M. Klein, Ausgrabungen in Breisach am Rhein, Kreis Breisgau-Hochschwarzwald. Arch. Ausgr. Baden-Württemberg 1984, 87-89."
422;"Reinecke 1935";"P. Reinecke, Besprechungen. Grundzüge der Vorgeschichte Sachsens. Germania 19, 1935, 73-76."
423;"Paret 1935";"O. Paret, X. Württemberg. Arbeitsgebiet des Landesamtes für Denkmalpflege in Stuttgart. Germania 19, 1935, 72."
433;"Rademacher 1995";"R. Rademacher, Funde der Späthallstatt-/Frühlatènezeit vom Hohenasperg, Gemeinde Asperg, Kreis Ludwigsburg – Resultat eines Surveys. In: Fürstensitze, Höhenburgen, Talsiedlungen: Bemerkungen zum frühkeltischen Siedlungswesen in Baden-Württemberg. Arch. Inf. Baden-Württemberg 28 (Stuttgart 1995) 24-29."
436;"Pauli 1972";"L. Pauli, Untersuchungen zur Späthallstattkultur in Nordwürttemberg. Analyse eines Kleinraumes im Grenzbereich zweier Kulturen. Hamburger Beiträge zur Archäologie II,1 (Hamburg 1972)."
439;"Weller 1904";"K. Weller, Vorrömische Strassen um Oehringen. Ber. RGK 12, 1904, 15–31."
440;"Krüger 1908";"E. Krüger, Museographie. Ber. RGK 4, 1908, 4–60."
441;"Pirling 1980";"R. Pirling, Die mittlere Bronzezeit auf der Schwäbischen Alb (mittlere und westliche Alb). Prähistorische Bronzefunde XX, 3 (München 1980)."
442;"Stoll";"H. Stoll, Urgeschichte des Oberen Neckargebietes und der Baar (Manuskript unpubl.)."
443;"Breeg 1938";"H. Breeg, Gräber der Hallstattzeit bei Ebingen auf der Schwäbischen Alb. Mannus 30, 1938, 405–414."
444;"Höckmann 1972";"O. Höckmann, Die Vorgeschichte des Raumes um Schwäbisch Hall. Führer zu vor- und frühgeschichtlichen Denkmälern Bd. 23, Schwäbisch Hall 1972, 404–414."
445;"Höckmann 1976";"O. Höckmann, Die Vorgeschichte des Raumes um Schwäbisch Hall. Führer zu vor- und frühgeschichtlichen Denkmälern Bd. 23, 1976, 404–414."
446;"Seewald 1972";"Ch. Seewald, Der Stadt- und der Landkreis Ulm. Archäologischer Fundkatalog (Beilage zur amtlichen Kreisbeschreibung) Ulm 1972."
447;"Wieland 1993";"G. Wieland, Spätkeltische Traditionen in Form und Verzierung römischer Grobkeramik.
Fundber. Bad.-Württ. 18, 1993, 61-70."
448;"Cloß u.a. 1999";"H.-M. Cloß u.a., Gemeindebeschreibungen – Dischingen und Gerstetten. In: Der  Landkreis Heidenheim I (Stuttgart 1999), 481-628."
449;"Paulsen/Schach-Dörges 1978";"P. Paulsen/H. Schach-Dörges, Das alamannische Gräberfeld von Giengen an der Brenz (Kreis Heidenheim). Forsch. u. Ber. z. Vor- u. Frühgesch. in Bad.-Württ. 10, Stuttgart 1978."
450;"Stork/Stork 1981";"I./S. Stork, Katalog der vorrömischen Funde von Faimingen. In: Gerhard Weber, Neue Ausgrabungen am „Apollo-Grannus-Heiligtum“ in Faimingen. Zwischenbericht. Ber. RGK 62, 1981, 129-151."
451;"Zeittafel 1978";"Zeittafel in „900 Jahre Giengen an der Brenz. Beiträge zur Stadtgeschichte“, Giengen an der Brenz 1978, 2-5."
452;"Gut/Strobel 1996";"A. Gut/M. Strobel, Neue Erkenntnisse zu einer alten Ausgrabung. Die Untersuchungen des Biberacher Zahnarztes Heinrich Forschner in Aichbühl (Lkr. Biberach).Fundber. Bad.-Württ. 21, 1996, 179-212."
453;"Hald/Lieb 1988";"J. Hald/E. Lieb, Zum Abschluß der Untersuchungen eines hallstattzeitlichen Fundplatzes in Flur „Kritter“ bei Bitz, Zollernalbkreis. Arch. Ausgr. Baden-Württemberg 1988, 68–71."
454;"Huber 1983";"H. Huber, Neolithische Siedlungen bei Giengen/Brenz, Ortsteil Hohenmemmingen und Sachsenhausen, Kreis Heidenheim. Arch. Ausgrabungen in Bad.-Württ. 1982, Stuttgart 1983, 36-38."
455;"Petzet 1986";"M. Petzet (Hrsg.), Denkmäler in Bayern. Band VII: Schwaben. Ensembles, Baudenkmäler, Archäologische Geländedenkmäler (München 1986)."
456;"Seitz/Mayer-Karstadt 1987";"H. J. Seitz/J. Mayer-Karstadt, Die Spatenforschung im Landkreis Dillingen in den Jahren 1985-1987. Jahrb. Hist. Ver. Dillingen 89, 1987, 129-146."
457;"Schröter 1972";"P. Schröter, Eine neolithische Scherbe mit Bemalung vom Heppenloch bei Gutenberg (Kr. Nürtingen, Baden-Württemberg). Arch. Korrbl. 2, 1972, 249-250."
458;"Schröter 1974";"P. Schröter, Materialien zum Übergang vom Mittel- zum Jungneolithikum auf der Schwäbischen Alb. Arch. Informationen 2-3, 1973-74, 127-136."
459;"Kieselbach 1998";"P. Kieselbach, Silexversorgung im Jungneolithikum. Jahrb. Heidenheim 7, 1998, 97-115."
460;"Gleser 1995";"R. Gleser, Die Epi-Rössener Gruppen in Südwestdeutschland. Untersuchungen zur Chronologie, stilistischen Entwicklung und kulturellen Einordnung. Saarbrücker Beitr. z. Altertumskunde 61, Bonn 1995."
461;"Kempa 1990";"M. Kempa, Die vor- und frühgeschichtliche
Eisengewinnung und –verarbeitung auf der östlichen Schwäbischen Alb. Arch. Ausgr. Baden-Württemberg 1989 (1990) 242-246."
462;"heege 1987";"A. Heege, Grabfunde der Merowingerzeit aus Heidenheim-Großkuchen. Materialhefte zur Vor- u. Frühgesch. in Baden-Württemberg 9, Stuttgart 1987."
463;"Kempa 1995c";"M. Kempa, Die Verhüttungsplätze. In: Beiträge zur Eisenverhüttung auf der Schwäbischen Alb. Forsch. u. Ber. zur Vor- u. Frühgesch. in Baden-Württemberg 55, Stuttgart 1995, 147-192."
469;"Scholz 2002b";"M. Scholz, Im römischen Alenkastell. Archäologie in Deutschland 5/2002, 42-43."
464;"Heege 1987";"A. Heege, Grabfunde der Merowingerzeit aus Heidenheim-Großkuchen. Materialhefte zur Vor- u. Frühgesch. in Baden-Württemberg 9, Stuttgart 1987."
465;"Hölder 1894";"H. v. Hölder, Untersuchungen über die Skelettfunde in den vorrömischen Hügelgräbern Württembergs und Hohenzollerns. Sonderabdruck Fundber. Schwaben 2, 1894."
466;"Egg 1988/89";"M. Egg, Ein hallstattzeitliches Ringgehänge im Römisch-Germanischen Zentralmuseum. Mitteilungen der Anthropologischen Ges. in Wien 118/119, 1988/89, 259-285."
467;"Scholz 2001";"M. Scholz, Römische Reiter und alamannische Bauern. Archäologie in Deutschland 4/2001, 36-37."
468;"Scholz 2002a";"M. Scholz, Reiterkasernen und alamannisches Gehöft im Alenkastell Heidenheim. Arch. Ausgr. in Baden-Württemberg 2001 (2002), 89-93."
470;"Scholz 2003";"M. Scholz, Offiziersquartiere und andere Befunde im Alenkastell Heidenheim. Arch. Ausgr. in Baden-Württemberg 2002 (2003), 97-101."
471;"Scholz 2004a";"M. Scholz, Ein Mauerfall: zur Westumwehrung des Reiterkastells Heidenheim. Arch. Ausgr. in Baden-Württemberg 2003 (2004), 93-96."
472;"Scholz 2004b";"M. Scholz, Das Reiterkastell Heidenheim und die vor- und frühgeschichtlichen Siedlungen auf seinem Areal – Vorbericht der Ausgrabungen 2002-2003. Heidenheimer Jahrb. 2003/2004, 2004, 96-130."
473;"Körlin 1997";"G. Körlin, Haisterhofen und
die vorgeschichtliche Besiedlung des Raumes
zwischen Jagst und Schneidheimer Sechta,
Ostalbkreis (unpubl. Diss. Tübingen 1997)."
474;"Paret 1932";"O. Paret, Die Römer in Württemberg III: Die Siedlungen des römischen Württemberg (Stuttgart 1932)."
475;"Paret 1938c";"O. Paret, Von der Jungsteinzeit bis zu den Kelten und dem Einmarsch römischer Truppen. In: Fritz Schneider (Hrsg.), Heidenheimer Heimatbuch. Land und Leute um den Hellenstein (Heidenheim 1938) 267-277."
476;"Paulus 1834";"E. v. Paulus, Ueber einige in der Gegend um Stuttgart aufgefundene Alterthümer. Württembergische Jahrbücher für vaterländische Geschichte, Geographie, Statistik und Topographie 1833 (1834), Heft I, 351-364."
477;"Weiß 1962";"A. Weiß, Schnaitheim. In: Heimatbuch des Kreises Heidenheim (Heidenheim a. d. Brenz 1962) 382-384."
478;"Balle 2000b";"G. Balle, Kelten, Römer, Alamannen. Erste Ergebnisse der archäologischen Ausgrabung 1999 in der Flur „Fürsamen“ bei Heidenheim-
Schnaitheim. Jahrb. 1999/2000 des Heimat- und Altertumsvereins Heidenheim an der Brenz e.V. 8, 2000, 120-127."
479;"Balle 2000c";"G. Balle, Siedlungen aus vier Epochen – Erste Ergebnisse der archäologischen Ausgrabung in der Flur „Fürsamen“ bei Heidenheim-Schnaitheim. Arch. Ausgr. in Baden-Württermberg 1999 (2000), 81-82."
480;"Balle/Gassmann/Schenck 2001";"G. Balle/G. Gassmann/K. Schenck, Zum vorläufigen Abschluss der archäologischen Ausgrabung in den vor- und frühgeschichtlichen Siedlungen von Heidenheim-Schnaitheim, Flur „Fürsamen“. Arch. Ausgr. Baden-Württemberg 2000 (2001), 78-80."
481;"Pankau 2005";"C. Pankau, Die Besiedlungsgeschichte des Brenz-Kocher-Tals (östliche Schwäbische Alb) vom Neolithikum bis zur Latènezeit (unpubl. Diss. Berlin 2005)"
482;"Biel 1975";"J. Biel, Untersuchungen in einem hallstattzeitlichen Grabhügelfeld bei Heidenheim-Schnaitheim. Arch. Ausgr. 1974 (1975), 13-16."
483;"Biel 1976a";"J. Biel, Ausgrabungen bei Heidenheim- Schnaitheim. Arch. Ausgr. 1975 (1976), 20-22."
484;"Biel 1976b";"Ausgrabungen in einem hallstattzeitlichen
Gräberfeld bei Heidenheim-Schnaitheim. In: Manfred Akermann (Hrsg.), 75 Jahre Heimat- und Altertumsverein Heidenheim 1901 – 1976 (Heidenheim 1976) 86-96."
485;"Biel 1980";"J. Biel, Neue vor- und frühgeschichtliche Funde aus den""Seewiesen"" bei Heidenheim-Schnaitheim. Arch. Ausgr. 1979 (1980), 121-122."
486;"Biel 1984";"J. Biel, Grabungen im Industriegebiet ""Seewiesen"" bei Heidenheim-Schnaitheim. Arch. Ausgr. Baden-Württemberg 1983 (1984), 184-190."
487;"Dietrich 1983";"H. Dietrich, Neue archäologische Untersuchungen in den Seewiesen bei Heidenheim-Schnaitheim. Arch. Ausgr. Baden-Württemberg 1982 (1983), 163-166."
488;"Dietrich 1998";"H. Dietrich, Die hallstattzeitlichen Grabfunde aus den Seewiesen von Heidenheim-Schnaitheim. Forsch. u. Ber. zur Vor- u. Frühgesch. in Baden-Württemberg 66, Stuttgart 1998."
489;"Rehmet 1987";"J. Rehmet, Neues zur Kreisgrabenfrage. In: Opuscula. Festschr. F. Fischer. Tübinger Beitr. Vor- u. Frühgesch. 2 (Tübingen 1987) 71-87."
490;"Rehmet 1989";"J. Rehmet, Eine bronze- und eisenzeitliche Fundstelle in Treffensbuch, Gde. Berghülen, Alb-Donau-Kreis. Fundber. Baden-Württemberg 14, 1989, 204-249."
491;"Bürger 1894";"L. Bürger, Zusammenstellung alter und neuer Fundorte aus dem östlichen Teile des Oberamts Ulm. Fundber. Schwaben 2, 1894, 16-25."
492;"Kilian-Dirlmeier 1975";"I. Kilian-Dirlmeier, Gürtelhaken, Gürtelbleche und Blechgürtel der Bronzezeit in Mitteleuropa. Prähistorische Bronzefunde Abt. 12 (München 1975)."
493;"Jensen 1986";"I. Jensen, Der Schlossberg von Neuenbürg: eine Siedlung der Frühlatènezeit im Nordschwarzwald (Stuttgart 1986)."
494;"Lindner 1993";"K. Lindner, Frühlatènezeitliche Grabfunde aus dem Kraichgau. Arch. Nachr. aus Baden 50, 1993, 114-115."
495;"Damminger 2002";"F. Damminger, Die Merowingerzeit im südlichen Kraichgau und in den angrenzenden Landschaften: Untersuchungen zur Siedlungsgeschichte des 5.-8. Jahrhundert im Gebiet zwischen Oberrhein, Stromberg und Nordschwarzwald. Materialheft zur Archäologie in Baden-Württemberg 61 (Stuttgart 2002)."
496;"Fik 1962";"K. Fik, Archäologische Fundstellen und Bodendenkmäler im Kreis Aalen. Ellwanger
Jahrb. 19, 1960-1961, 151-161."
497;"Festschrift Herrenberg 1929";"Festschrift zur 700-Jahrfeier der württembergischen Oberamtsstadt Herrenberg, 21. Juli 1929 (Herrenberg 1929)"
498;"Paulus 1854";"E.v.Paulus, Schriften des Württembergischen Altertumsvereins 3 (Stuttgart 1854) 24"
499;"Seifert 1969";"G. Seifert, Hallstatt-Kultur am einstiegen Steinachstrand. Funde beim Bau der Staatlichen Schwergehörigenschule in Nürtingen. IN: Zwischen Alb und Fildern, 1969."
500;"Stein 1979";"F. Stein, Katalog der vorgeschichtlichen Hortfunde in Süddeutschland (Bonn 1979)"
501;"Burkhardt 1942";"P. Burckhardt, Geschichte der Stadt Basel (Basel 1942)"
502;"Krämer 1966";"W. Krämer, Prähistorische Brandopferplätze. In: Helvetia Antiqua. Festschr. Emil Vogt (Zürich 1966) 111-122."
503;"Dauber 1976";"A. Dauber, Die Reihengräber der Merowingerzeit (Heidelberg 1976)"
504;"Binder/Frank/Müller 1960";"H. Binder/H. Frank/K. Müller, Die Höhlen der Heidenheimer und der Ulmer Alb. Jahreshefte für Karst- und Höhlenkunde 1, 1960, 35-56."
505;"Kettner 1975a";"W. Kettner, Giengen an der Brenz. Fundber. Baden-Württemberg 2, 1975, 113."
506;"Kettner 1975b";"W. Kettner, Die archäologischen Fundstellen im Raum Giengen an der Brenz. Ein Beitrag zum Europäischen Denkmalschutzjahr 1975. Aus alten Zeiten
Band 2 (1975). Unpubliziert."
507;"Stork 1999";"I. Stork, Zurück im alten ""Mittelhofen"", Stadt Lauchheim, Ostalbkreis. Arch. Ausgr. in Bad.-Württ. 1999 (2000), 170-173."
508;"Paret 1956";"O. Paret, Die vorgeschichtlichen Grabhügel der Ellwanger Landschaft (Kreis Aalen). Ellwanger Jahrb. 16, 1954-55, 7-17."
509;"Hildebrand 1995";"B. Hildebrand, Fundstellen, Siedlungen und Naturräume als historische Quellen von der Urgeschichte bis zum Ende des ersten Jahrtausends n. Chr. Regionalforschung am Beispiel des Ostalbkreises. Unveröffentlichte Dissertation (Augsburg 1995)."
510;"Paulus 1877a";"E.v. Paulus, Die Alterthümer in Württemberg
(Stuttgart 1877)."
511;"Hegele 1939";"A. Hegele, Heimatbuch der Gemeinden Wasseralfingen, Hofen und Hüttlingen. 1. Teil: Vor- und Frühgeschichte (Aalen 1939)."
512;"Rall 1954";"E. Rall, Vor- und Frühgeschichte der Gegend um Unterkochen. In: Unterkochen in Vergangenheit und Gegenwart. Ein Heimatbuch (Aalen 1954) 7-45."
513;"Schauer 1973";"P. Schauer, Vorgeschichtliche Funde im Gebiet zwischen den Ellwanger Bergen und dem Nördlinger Ries. In: Führer zu vor- und frühgeschichtlichen Denkmälern 22: Aalen, Lauchheim, Ellwangen (Mainz 1973) 15-49."
514;"Hachmann 1957a";"R. Hachmann, Bronzezeitliche Bernsteinschieber. Bayer. Vorgeschbl. 22, 1957, 1-36."
515;"Hildebrand 1992a";"B. Hildebrand, Der Ostalbkreis in der Vor- und Frühgeschichte. In: Diethelm Winter (Hrsg.), Der Ostalbkreis (Stuttgart 1992), 75-118."
516;"Innerhofer 2000";"F. Innerhofer, Die mittelbronzezeitlichen Nadeln zwischen Vogesen und Karpaten. Studien zur Chronologie, Typologie und regionalen Gliederung der Hügelgräberkultur. UPA 71, Bonn 2000."
517;"Keller 1935";"F. Keller, Die Grabhügel des Albuchs. Bl. Schwäb. Albverein 47, 1935, 207-210."
518;"Kempa 1993";"M. Kempa, Grundzüge der vor- und frühgeschichtlichen Besiedlung auf Albuch und Härtsfeld. Karst und Höhle 1993, 329-331."
519;"Scheuthle 1896";"Scheuthle, Ausgrabungen und Funde bei Essingen OA. Aalen. Fundber. Schwaben 4, 1896, 32-36."
520;"Wiegel 1994";"B. Wiegel, Trachtkreise im südlichen
Hügelgräberbereich. Studien zur Beigabensitte der Mittelbronzezeit unter besonderer Berücksichtigung forschungsgeschichtlicher Aspekte. Internat. Arch. 5, Rahden 1994."
521;"Böhm 1993";"M. Böhm, Der nördliche Albuch – eine seit Jahrhunderten vom Menschen geprägte Kulturlandschaft. Interdisziplinäre
Forschungen im Gebiet der Weiherwiesen –
Oberflächennaher Untergrund und Kulturzeugnisse. Karst und Höhle 1993, 345-349."
522;"Faßbinder 1991";"J. Faßbinder, Magnetische Prospektion eines römischen Kastells auf den „Weiherwiesen“ bei Essingen, Ostalbkreis.
Arch. Ausgr. in Bad.-Württ. 1990 (1991),
172-175."
523;"Kempa 1991a";"M. Kempa, Zwei Jahre archäometallurgische Forschungen auf der Ostalb. Arch. Ausgr. Bad.-Württ. 1990 (1991), 175-179."
524;"Kempa 1991b";"M. Kempa, Antike Eisenverhüttung auf der Ostalb. Zwei Jahre archäometallurgische Forschungen. Arch. Informationen aus Bad.-Württ. 20, Stuttgart 1991."
525;"Mack 1990";"L. Mack, Bohnerzförderung und – verhüttung auf der östlichen Schwäbischen Alb. Jahrb. Heidenheim 3, 1990, 15-28."
526;"Smettan 1995";"H. Smettan, Archäoökologische Untersuchungen auf dem Albuch. In: Beiträge zur Eisenverhüttung auf der
Schwäbischen Alb. Forsch. u. Ber. zur Vor- u. Frühgesch. in Bad.-Württ. 55, Stuttgart 1995, 37-146."
527;"Oeftiger/Wagner 1985";"C. Oeftiger/E. Wagner, Der Rosenstein bei Heubach. Führer zu archäologischen
Denkmälern in Baden-Württemberg 10, Stuttgart 1985."
528;"Oeftiger/Müller 1995";"C. Oeftiger/D. Müller, Der Rosenstein bei Heubach (Ostalbkreis). Atlas archäolog. Geländedenkmäler in Bad.-Württ. 2, Heft 1, Stuttgart 1995."
529;"Dumitrache/Schurig 2000";"M. Dumitrache/R. Schurig, Aalen. Archäologischer Stadtkataster Baden-Württemberg 4, Stuttgart 2000."
530;"Planck 1986b";"D. Planck, Grabungen im Kastell Aalen, Ostalbkreis. Arch. Ausgr. in Bad.-Württ. 1985 (1986), 147-148."
531;"Planck 1987";"D. Planck, Zum Abschluß der archäologischen Untersuchungen im Kastell Aalen, Ostalbkreis. Arch. Ausgr. in Bad.-Württ. 1986 (1987), 95-101."
532;"Planck 1988a";"D. Planck, Das Kastell der Ala II Flavia in Aalen. Aalener Jahrb. 1988, 66-83."
533;"Stork 1990a";"I. Stork, Ingo Stork, Die frühmittelalterliche Siedlung zum Gräberfeld bei Lauchheim, Ostalbkreis. Arch. Ausgr. in Bad.-Württ. 1989 (1990), 212-217."
534;"Stork 1990b";"I. Stork, Gräberfeld und Siedlung. Der exemplarische Fall: Lauchheim. AiD 6, Heft 1, 1990, 20-23."
535;"Stork 1990c";"I. Stork, Frühes Mittelalter um die Kapfenburg. In: Die Kapfenburg. Vom Adelssitz zum Deutschordensschloß. Katalog zur Ausstellung im Deutschordensschloß Kapfenburg (Stuttgart 1990) 95-115."
536;"Stork 1991";"I. Stork, Weitere Untersuchungen in der frühmittelalterlichen Siedlung ""Mittelhofen"" bei Lauchheim, Ostalbkreis. Arch. Ausgr. in Bad.-Württ. 1990 (1991), 209-215."
537;"Stork 1992";"I. Stork, Neues aus Lauchheim. Arch. Ausgr, in Bad.-Württ. 1991 (1992), 187-192."
538;"Stork 1993";"I. Stork, Zum Fortgang der Untersuchungen im frühmittelalterlichen Gräberfeld, Adelshof und Hofgrablege bei Lauchheim, Ostalbkreis. Arch. Ausgr. in Bad.-Württ. 1992 (1993), 231-243."
539;"Stork 2000";"I. Stork, Zurück im alten ""Mittelhofen"", Stadt Lauchheim, Ostalbkreis. Arch. Ausgr. in Bad.-Württ. 1999 (2000), 170-173."
540;"Heinzelmann/Jantschke/Häck 1989";"P. Heinzelmann/H. Jantschke/B. Häck, Einzeldarstellung der Höhlen im Kartenblatt 7227 Neresheim- West. Materialhefte zur Karst- und Höhlenkunde 3, 1989, 53-87."
541;"Ludwig-Lukanow 1983";"S. Ludwig-Lukanow, Hügelgräberbronzezeit und Urnenfelderkultur im Nördlinger Ries. Materialh. Bayer. Vorgesch. A 48 (Kallmünz/Opf. 1983)."
542;"Gersbach 1969";"E. Gersbach, Urgeschichte des Hochrheins, Funde und Fundstellen in den Landkreisen Säckingen und Waldshut. Bad. Fundber. 11.1 (Freiburg i. Br. 1969)."
544;"OAB Freudenstadt 1858";"Beschreibung des Oberamtes Freudenstadt (Stuttgart 1858)"
545;"Bissinger 1889";"K. Bissinger, Funde römischer Münzen im Großherzogliun Baden (Karlsruhe 1889)."
546;"Kähni 1976";"O. Kähni, Offenburg und die Ortenau. Die Geschichte einer Stadt und ihrer Landschaft (Offenburg 1976)."
547;"Schneider 2000";"R. Schneider, Landschafts- und Umweltgeschichte im Einzugsgebiet der Elz (Dissertation Freiburg 2000)."
